"","V1"
"1","Kingdom Animalia
Phylum Mollusca
Class Bivalvia
Subclass Heterodonta
Order Veneroida
Family Semelidae
Genus Abra
Species Abra alba"
"2","Kingdom Animalia
Phylum Mollusca
Class Bivalvia
Subclass Heterodonta
Order Veneroida
Family Semelidae
Genus Abra
Species Abra longicallus"
"3","Kingdom Animalia
Phylum Mollusca
Class Bivalvia
Subclass Heterodonta
Order Veneroida
Family Semelidae
Genus Abra
Species Abra nitida"
"4","Kingdom Animalia
Phylum Mollusca
Class Bivalvia
Subclass Heterodonta
Order Veneroida
Family Semelidae
Genus Abra
Species Abra prismatica"
"5","Kingdom Animalia
Phylum Mollusca
Class Bivalvia
Subclass Heterodonta
Order Veneroida
Family Semelidae
Genus Abra
Species Abra tenuis"
"6","Kingdom Animalia
Phylum Mollusca
Class Bivalvia
Subclass Heterodonta
Order Veneroida
Family Cardiidae
Genus Acanthocardia
Species Acanthocardia echinata"
"7","Kingdom Animalia
Phylum Mollusca
Class Bivalvia
Subclass Heterodonta
Order Veneroida
Family Cardiidae
Genus Acanthocardia
Species Acanthocardia tuberculata"
"8","Kingdom Animalia
Phylum Mollusca
Class Polyplacophora
Order Lepidopleurida
Family Acanthochitonidae
Genus Acanthochitona
Species Acanthochitona crinita"
"9","Kingdom Animalia
Phylum Mollusca
Class Polyplacophora
Order Lepidopleurida
Family Acanthochitonidae
Genus Acanthochitona
Species Acanthochitona fascicularis"
"10","Kingdom Animalia
Phylum Mollusca
Class Gastropoda
Subclass Opisthobranchia
Order Nudibranchia
Suborder Doridina
Family Onchidorididae
Genus Acanthodoris
Species Acanthodoris pilosa"
"11","Kingdom Animalia
Phylum Mollusca
Class Gastropoda
Subclass Prosobranchia
Superorder Caenogastropoda
Order Neotaenioglossa
Suborder Ptenoglossa
Family Aclididae
Genus Aclis
Species Aclis minor"
"12","Kingdom Animalia
Phylum Mollusca
Class Gastropoda
Subclass Prosobranchia
Superorder Caenogastropoda
Order Neotaenioglossa
Suborder Ptenoglossa
Family Aclididae
Genus Aclis
Species Aclis walleri"
"13","Kingdom Animalia
Phylum Mollusca
Class Gastropoda
Subclass Prosobranchia
Superorder Archaeogastropoda
Order Docoglossa
Family Acmaeidae
Genus Acmaea
Species Acmaea virginea"
"14","Kingdom Animalia
Phylum Mollusca
Class Gastropoda
Subclass Opisthobranchia
Order Cephalaspidea
Family Acteonidae
Genus Acteon
Species Acteon tornatilis"
"15","Kingdom Animalia
Phylum Mollusca
Class Gastropoda
Subclass Opisthobranchia
Order Nudibranchia
Suborder Doridina
Family Onchidorididae
Genus Adalaria
Species Adalaria proxima"
"16","Kingdom Animalia
Phylum Mollusca
Class Gastropoda
Subclass Opisthobranchia
Order Nudibranchia
Suborder Doridina
Family Aegiretidae
Genus Aegires
Species Aegires punctilucens"
"17","Kingdom Animalia
Phylum Mollusca
Class Gastropoda
Subclass Opisthobranchia
Order Nudibranchia
Suborder Aeolidiina
Family Aeolidiidae
Genus Aeolidia
Species Aeolidia papillosa"
"18","Kingdom Animalia
Phylum Mollusca
Class Gastropoda
Subclass Opisthobranchia
Order Nudibranchia
Suborder Aeolidiina
Family Aeolidiidae
Genus Aeolidiella
Species Aeolidiella glauca"
"19","Kingdom Animalia
Phylum Mollusca
Class Bivalvia
Subclass Pteromorphia
Order Pterioida
Family Pectinidae
Genus Aequipecten
Species Aequipecten opercularis"
"20","Kingdom Animalia
Phylum Mollusca
Class Gastropoda
Subclass Opisthobranchia
Order Anaspidea
Family Akeridae
Genus Akera
Species Akera bullata"
"21","Kingdom Animalia
Phylum Mollusca
Class Gastropoda
Subclass Opisthobranchia
Order Sacoglossa
Family Stiligeridae
Genus Alderia
Species Alderia modesta"
"22","Kingdom Animalia
Phylum Mollusca
Class Gastropoda
Subclass Opisthobranchia
Order Nudibranchia
Suborder Doridina
Family Aldisidae
Genus Aldisa
Species Aldisa zetlandica"
"23","Kingdom Animalia
Phylum Mollusca
Class Cephalopoda
Subclass Coleoidea
Order Teuthoidea
Suborder Myopsida
Family Loliginidae
Genus Alloteuthis
Species Alloteuthis media"
"24","Kingdom Animalia
Phylum Mollusca
Class Cephalopoda
Subclass Coleoidea
Order Teuthoidea
Suborder Myopsida
Family Loliginidae
Genus Alloteuthis
Species Alloteuthis subulata"
"25","Kingdom Animalia
Phylum Mollusca
Class Gastropoda
Subclass Prosobranchia
Superorder Caenogastropoda
Order Neotaenioglossa
Family Rissoidae
Genus Alvania
Species Alvania abyssicola"
"26","Kingdom Animalia
Phylum Mollusca
Class Gastropoda
Subclass Prosobranchia
Superorder Caenogastropoda
Order Neotaenioglossa
Family Rissoidae
Genus Alvania
Species Alvania beani"
"27","Kingdom Animalia
Phylum Mollusca
Class Gastropoda
Subclass Prosobranchia
Superorder Caenogastropoda
Order Neotaenioglossa
Family Rissoidae
Genus Alvania
Species Alvania cimicoides"
"28","Kingdom Animalia
Phylum Mollusca
Class Gastropoda
Subclass Prosobranchia
Superorder Caenogastropoda
Order Neotaenioglossa
Family Rissoidae
Genus Alvania
Species Alvania jeffreysi"
"29","Kingdom Animalia
Phylum Mollusca
Class Gastropoda
Subclass Prosobranchia
Superorder Caenogastropoda
Order Neotaenioglossa
Family Rissoidae
Genus Alvania
Species Alvania lactea"
"30","Kingdom Animalia
Phylum Mollusca
Class Gastropoda
Subclass Prosobranchia
Superorder Caenogastropoda
Order Neotaenioglossa
Family Rissoidae
Genus Alvania
Species Alvania punctura"
"31","Kingdom Animalia
Phylum Mollusca
Class Gastropoda
Subclass Prosobranchia
Superorder Caenogastropoda
Order Neotaenioglossa
Family Rissoidae
Genus Alvania
Species Alvania subsoluta"
"32","Kingdom Animalia
Phylum Mollusca
Class Gastropoda
Subclass Prosobranchia
Superorder Caenogastropoda
Order Neotaenioglossa
Family Naticidae
Genus Amauropsis
Species Amauropsis islandica"
"33","Kingdom Animalia
Phylum Mollusca
Class Gastropoda
Subclass Heterobranchia
Order Heterostropha
Family Omalogyridae
Genus Ammonicera
Species Ammonicera rota"
"34","Kingdom Animalia
Phylum Mollusca
Class Gastropoda
Subclass Prosobranchia
Superorder Archaeogastropoda
Order Vetigastropoda
Superfamily Scissurelloidea
Family Scissurellidae
Genus Anatoma
Species Anatoma crispata"
"35","Kingdom Animalia
Phylum Mollusca
Class Gastropoda
Subclass Opisthobranchia
Order Nudibranchia
Suborder Doridina
Family Goniodorididae
Genus Ancula
Species Ancula gibbosa"
"36","Kingdom Animalia
Phylum Mollusca
Class Bivalvia
Subclass Pteromorphia
Order Pterioida
Family Anomiidae
Genus Anomia
Species Anomia ephippium"
"37","Kingdom Animalia
Phylum Mollusca
Class Gastropoda
Subclass Prosobranchia
Superorder Archaeogastropoda
Order Docoglossa
Family Patellidae
Genus Ansates
Species Ansates pellucida"
"38","Kingdom Animalia
Phylum Mollusca
Class Gastropoda
Subclass Opisthobranchia
Order Anaspidea
Family Aplysiidae
Genus Aplysia
Species Aplysia punctata"
"39","Kingdom Animalia
Phylum Mollusca
Class Gastropoda
Subclass Prosobranchia
Superorder Caenogastropoda
Order Neotaenioglossa
Family Aporrhaiidae
Genus Aporrhais
Species Aporrhais pespelecani"
"40","Kingdom Animalia
Phylum Mollusca
Class Gastropoda
Subclass Prosobranchia
Superorder Caenogastropoda
Order Neotaenioglossa
Family Aporrhaiidae
Genus Aporrhais
Species Aporrhais serresianus"
"41","Kingdom Animalia
Phylum Mollusca
Class Bivalvia
Subclass Pteromorphia
Order Arcoida
Family Arcidae
Genus Arca
Species Arca nodulosa"
"42","Kingdom Animalia
Phylum Mollusca
Class Bivalvia
Subclass Pteromorphia
Order Arcoida
Family Arcidae
Genus Arca
Species Arca tetragona"
"43","Kingdom Animalia
Phylum Mollusca
Class Gastropoda
Subclass Opisthobranchia
Order Nudibranchia
Suborder Doridina
Family Archidorididae
Genus Archidoris
Species Archidoris pseudoargus"
"44","Kingdom Animalia
Phylum Mollusca
Class Bivalvia
Subclass Heterodonta
Order Veneroida
Family Tellinidae
Genus Arcopagia
Species Arcopagia balaustina"
"45","Kingdom Animalia
Phylum Mollusca
Class Bivalvia
Subclass Heterodonta
Order Veneroida
Family Tellinidae
Genus Arcopagia
Species Arcopagia crassa"
"46","Kingdom Animalia
Phylum Mollusca
Class Bivalvia
Subclass Heterodonta
Order Veneroida
Family Arcticidae
Genus Arctica
Species Arctica islandica"
"47","Kingdom Animalia
Phylum Mollusca
Class Gastropoda
Subclass Opisthobranchia
Order Nudibranchia
Suborder Arminina
Family Arminidae
Genus Armina
Species Armina loveni"
"48","Kingdom Animalia
Phylum Mollusca
Class Gastropoda
Subclass Opisthobranchia
Order Acochlidioidea
Family Asperspinidae
Genus Asperspina
Species Asperspina brambelli"
"49","Kingdom Animalia
Phylum Mollusca
Class Gastropoda
Subclass Prosobranchia
Superorder Caenogastropoda
Order Neotaenioglossa
Family Assimineidae
Genus Assiminea
Species Assiminea grayana"
"50","Kingdom Animalia
Phylum Mollusca
Class Bivalvia
Subclass Heterodonta
Order Veneroida
Family Astartidae
Genus Astarte
Species Astarte borealis"
"51","Kingdom Animalia
Phylum Mollusca
Class Bivalvia
Subclass Heterodonta
Order Veneroida
Family Astartidae
Genus Astarte
Species Astarte elliptica"
"52","Kingdom Animalia
Phylum Mollusca
Class Bivalvia
Subclass Heterodonta
Order Veneroida
Family Astartidae
Genus Astarte
Species Astarte montagui"
"53","Kingdom Animalia
Phylum Mollusca
Class Bivalvia
Subclass Heterodonta
Order Veneroida
Family Astartidae
Genus Astarte
Species Astarte sulcata"
"54","Kingdom Animalia
Phylum Mollusca
Class Bivalvia
Subclass Pteromorphia
Order Mytiloida
Family Pinnidae
Genus Atrina
Species Atrina pectinata"
"55","Kingdom Animalia
Phylum Mollusca
Class Gastropoda
Subclass Pulmonata
Order Basommatophora
Superfamily Ellobioidea
Family Ellobiidae
Genus Auriculinella
Species Auriculinella erosa"
"56","Kingdom Animalia
Phylum Mollusca
Class Bivalvia
Subclass Heterodonta
Order Myoida
Family Teredinidae
Genus Bankia
Species Bankia fimbriatula"
"57","Kingdom Animalia
Phylum Mollusca
Class Gastropoda
Subclass Prosobranchia
Superorder Caenogastropoda
Order Neotaenioglossa
Family Barleeidae
Genus Barleeia
Species Barleeia unifasciata"
"58","Kingdom Animalia
Phylum Mollusca
Class Bivalvia
Subclass Heterodonta
Order Myoida
Family Pholadidae
Genus Barnea
Species Barnea candida"
"59","Kingdom Animalia
Phylum Mollusca
Class Bivalvia
Subclass Heterodonta
Order Myoida
Family Pholadidae
Genus Barnea
Species Barnea parva"
"60","Kingdom Animalia
Phylum Mollusca
Class Bivalvia
Subclass Pteromorphia
Order Arcoida
Family Arcidae
Genus Bathyarca
Species Bathyarca pectunculoides"
"61","Kingdom Animalia
Phylum Mollusca
Class Gastropoda
Subclass Prosobranchia
Superorder Caenogastropoda
Order Neogastropoda
Family Turridae
Genus Bela
Species Bela brachystoma"
"62","Kingdom Animalia
Phylum Mollusca
Class Gastropoda
Subclass Prosobranchia
Superorder Caenogastropoda
Order Neogastropoda
Family Turridae
Genus Bela
Species Bela nebula"
"63","Kingdom Animalia
Phylum Mollusca
Class Gastropoda
Subclass Prosobranchia
Superorder Caenogastropoda
Order Neogastropoda
Family Buccinidae
Genus Beringius
Species Beringius turtoni"
"64","Kingdom Animalia
Phylum Mollusca
Class Gastropoda
Subclass Opisthobranchia
Order Notaspidea
Family Pleurobranchidae
Genus Berthella
Species Berthella plumula"
"65","Kingdom Animalia
Phylum Mollusca
Class Gastropoda
Subclass Prosobranchia
Superorder Caenogastropoda
Order Neotaenioglossa
Family Cerithiidae
Genus Bittium
Species Bittium reticulatum"
"66","Kingdom Animalia
Phylum Mollusca
Class Cephalopoda
Subclass Coleoidea
Order Teuthoidea
Suborder Oegopsida
Family Brachioteuthidae
Genus Brachioteuthis
Species Brachioteuthis riisei"
"67","Kingdom Animalia
Phylum Mollusca
Class Gastropoda
Subclass Prosobranchia
Superorder Caenogastropoda
Order Neogastropoda
Family Buccinidae
Genus Buccinum
Species Buccinum humphreysianum"
"68","Kingdom Animalia
Phylum Mollusca
Class Gastropoda
Subclass Prosobranchia
Superorder Caenogastropoda
Order Neogastropoda
Family Buccinidae
Genus Buccinum
Species Buccinum hydrophanum"
"69","Kingdom Animalia
Phylum Mollusca
Class Gastropoda
Subclass Prosobranchia
Superorder Caenogastropoda
Order Neogastropoda
Family Buccinidae
Genus Buccinum
Species Buccinum undatum"
"70","Kingdom Animalia
Phylum Mollusca
Class Gastropoda
Subclass Opisthobranchia
Order Nudibranchia
Suborder Doridina
Family Chromodorididae
Genus Cadlina
Species Cadlina laevis"
"71","Kingdom Animalia
Phylum Mollusca
Class Scaphopoda
Family Siphonodentaliidae
Genus Cadulus
Species Cadulus subfusiformis"
"72","Kingdom Animalia
Phylum Mollusca
Class Gastropoda
Subclass Prosobranchia
Superorder Caenogastropoda
Order Neotaenioglossa
Family Caecidae
Genus Caecum
Species Caecum clarkii"
"73","Kingdom Animalia
Phylum Mollusca
Class Gastropoda
Subclass Prosobranchia
Superorder Caenogastropoda
Order Neotaenioglossa
Family Caecidae
Genus Caecum
Species Caecum glabrum"
"74","Kingdom Animalia
Phylum Mollusca
Class Gastropoda
Subclass Prosobranchia
Superorder Caenogastropoda
Order Neotaenioglossa
Family Caecidae
Genus Caecum
Species Caecum trachea"
"75","Kingdom Animalia
Phylum Mollusca
Class Gastropoda
Subclass Opisthobranchia
Order Sacoglossa
Family Stiligeridae
Genus Calliopaea
Species Calliopaea bellula"
"76","Kingdom Animalia
Phylum Mollusca
Class Gastropoda
Subclass Prosobranchia
Superorder Archaeogastropoda
Order Vetigastropoda
Superfamily Scissurelloidea
Family Trochidae
Genus Calliostoma
Species Calliostoma occidentale"
"77","Kingdom Animalia
Phylum Mollusca
Class Gastropoda
Subclass Prosobranchia
Superorder Archaeogastropoda
Order Vetigastropoda
Superfamily Scissurelloidea
Family Trochidae
Genus Calliostoma
Species Calliostoma zizyphinum"
"78","Kingdom Animalia
Phylum Mollusca
Class Polyplacophora
Order Lepidopleurida
Family Ischnochitonidae
Genus Callochiton
Species Callochiton septemvalvis"
"79","Kingdom Animalia
Phylum Mollusca
Class Gastropoda
Subclass Prosobranchia
Superorder Caenogastropoda
Order Neotaenioglossa
Family Calyptraeidae
Genus Calyptraea
Species Calyptraea chinensis"
"80","Kingdom Animalia
Phylum Mollusca
Class Gastropoda
Subclass Prosobranchia
Superorder Caenogastropoda
Order Neotaenioglossa
Family Capulidae
Genus Capulus
Species Capulus ungaricus"
"81","Kingdom Animalia
Phylum Mollusca
Class Bivalvia
Subclass Anomalodesmata
Order Pholadomyoida
Family Cuspidariidae
Genus Cardiomya
Species Cardiomya costellata"
"82","Kingdom Animalia
Phylum Mollusca
Class Bivalvia
Subclass Heterodonta
Order Veneroida
Family Cardiidae
Genus Cerastoderma
Species Cerastoderma edule"
"83","Kingdom Animalia
Phylum Mollusca
Class Bivalvia
Subclass Heterodonta
Order Veneroida
Family Cardiidae
Genus Cerastoderma
Species Cerastoderma lamarcki"
"84","Kingdom Animalia
Phylum Mollusca
Class Gastropoda
Subclass Prosobranchia
Superorder Caenogastropoda
Order Neotaenioglossa
Suborder Ptenoglossa
Family Cerithiopsidae
Genus Cerithiella
Species Cerithiella metula"
"85","Kingdom Animalia
Phylum Mollusca
Class Gastropoda
Subclass Prosobranchia
Superorder Caenogastropoda
Order Neotaenioglossa
Suborder Ptenoglossa
Family Cerithiopsidae
Genus Cerithiopsis
Species Cerithiopsis tubercularis"
"86","Kingdom Animalia
Phylum Mollusca
Class Caudofoveata
Order Chaetodermatida
Family Chaetodermatidae
Genus Chaetoderma
Species Chaetoderma nitidulum"
"87","Kingdom Animalia
Phylum Mollusca
Class Bivalvia
Subclass Heterodonta
Order Veneroida
Family Veneridae
Genus Chamelea
Species Chamelea striatula"
"88","Kingdom Animalia
Phylum Mollusca
Class Gastropoda
Subclass Prosobranchia
Superorder Caenogastropoda
Order Neotaenioglossa
Family Ranellidae
Genus Charonia
Species Charonia lampas"
"89","Kingdom Animalia
Phylum Mollusca
Class Gastropoda
Subclass Prosobranchia
Superorder Caenogastropoda
Order Neotaenioglossa
Suborder Ptenoglossa
Family Triphoridae
Genus Cheirodonta
Species Cheirodonta pallescens"
"90","Kingdom Animalia
Phylum Mollusca
Class Bivalvia
Subclass Pteromorphia
Order Pterioida
Family Pectinidae
Genus Chlamys
Species Chlamys sulcata"
"91","Kingdom Animalia
Phylum Mollusca
Class Bivalvia
Subclass Pteromorphia
Order Pterioida
Family Pectinidae
Genus Chlamys
Species Chlamys varia"
"92","Kingdom Animalia
Phylum Mollusca
Class Gastropoda
Subclass Heterobranchia
Order Heterostropha
Family Pyramidellidae
Genus Chrysallida
Species Chrysallida indistincta"
"93","Kingdom Animalia
Phylum Mollusca
Class Gastropoda
Subclass Heterobranchia
Order Heterostropha
Family Pyramidellidae
Genus Chrysallida
Species Chrysallida interstincta"
"94","Kingdom Animalia
Phylum Mollusca
Class Gastropoda
Subclass Heterobranchia
Order Heterostropha
Family Pyramidellidae
Genus Chrysallida
Species Chrysallida nivosa"
"95","Kingdom Animalia
Phylum Mollusca
Class Gastropoda
Subclass Heterobranchia
Order Heterostropha
Family Pyramidellidae
Genus Chrysallida
Species Chrysallida pellucida"
"96","Kingdom Animalia
Phylum Mollusca
Class Gastropoda
Subclass Heterobranchia
Order Heterostropha
Family Pyramidellidae
Genus Chrysallida
Species Chrysallida sarsi"
"97","Kingdom Animalia
Phylum Mollusca
Class Gastropoda
Subclass Heterobranchia
Order Heterostropha
Family Cimidae
Genus Cima
Species Cima minima"
"98","Kingdom Animalia
Phylum Mollusca
Class Gastropoda
Subclass Prosobranchia
Superorder Caenogastropoda
Order Neotaenioglossa
Family Rissoidae
Genus Cingula
Species Cingula trifasciata"
"99","Kingdom Animalia
Phylum Mollusca
Class Gastropoda
Subclass Prosobranchia
Superorder Caenogastropoda
Order Neotaenioglossa
Family Adeorbidae
Genus Circulus
Species Circulus striatus"
"100","Kingdom Animalia
Phylum Mollusca
Class Bivalvia
Subclass Heterodonta
Order Veneroida
Family Veneridae
Genus Clausinella
Species Clausinella fasciata"
"101","Kingdom Animalia
Phylum Mollusca
Class Gastropoda
Subclass Prosobranchia
Superorder Archaeogastropoda
Order Vetigastropoda
Superfamily Scissurelloidea
Family Trochidae
Genus Clelandella
Species Clelandella miliaris"
"102","Kingdom Animalia
Phylum Mollusca
Class Bivalvia
Subclass Anomalodesmata
Order Pholadomyoida
Family Periplomatidae
Genus Cochlodesma
Species Cochlodesma praetenue"
"103","Kingdom Animalia
Phylum Mollusca
Class Gastropoda
Subclass Opisthobranchia
Order Cephalaspidea
Family Diaphanidae
Genus Colpodaspis
Species Colpodaspis pusillus"
"104","Kingdom Animalia
Phylum Mollusca
Class Gastropoda
Subclass Prosobranchia
Superorder Caenogastropoda
Order Neogastropoda
Family Buccinidae
Genus Colus
Species Colus gracilis"
"105","Kingdom Animalia
Phylum Mollusca
Class Gastropoda
Subclass Prosobranchia
Superorder Caenogastropoda
Order Neogastropoda
Family Buccinidae
Genus Colus
Species Colus islandicus"
"106","Kingdom Animalia
Phylum Mollusca
Class Gastropoda
Subclass Prosobranchia
Superorder Caenogastropoda
Order Neogastropoda
Family Buccinidae
Genus Colus
Species Colus jeffreysianus"
"107","Kingdom Animalia
Phylum Mollusca
Class Gastropoda
Subclass Prosobranchia
Superorder Caenogastropoda
Order Neogastropoda
Family Turridae
Genus Comarmondia
Species Comarmondia gracilis"
"108","Kingdom Animalia
Phylum Mollusca
Class Gastropoda
Subclass Opisthobranchia
Order Nudibranchia
Suborder Doridina
Family Corambidae
Genus Corambe
Species Corambe obscura"
"109","Kingdom Animalia
Phylum Mollusca
Class Bivalvia
Subclass Heterodonta
Order Myoida
Family Corbulidae
Genus Corbula
Species Corbula gibba"
"110","Kingdom Animalia
Phylum Mollusca
Class Gastropoda
Subclass Opisthobranchia
Order Nudibranchia
Suborder Aeolidiina
Family Flabellinidae
Genus Coryphella
Species Coryphella browni"
"111","Kingdom Animalia
Phylum Mollusca
Class Gastropoda
Subclass Opisthobranchia
Order Nudibranchia
Suborder Aeolidiina
Family Flabellinidae
Genus Coryphella
Species Coryphella gracilis"
"112","Kingdom Animalia
Phylum Mollusca
Class Gastropoda
Subclass Opisthobranchia
Order Nudibranchia
Suborder Aeolidiina
Family Flabellinidae
Genus Coryphella
Species Coryphella lineata"
"113","Kingdom Animalia
Phylum Mollusca
Class Gastropoda
Subclass Opisthobranchia
Order Nudibranchia
Suborder Aeolidiina
Family Flabellinidae
Genus Coryphella
Species Coryphella pedata"
"114","Kingdom Animalia
Phylum Mollusca
Class Gastropoda
Subclass Opisthobranchia
Order Nudibranchia
Suborder Aeolidiina
Family Flabellinidae
Genus Coryphella
Species Coryphella pellucida"
"115","Kingdom Animalia
Phylum Mollusca
Class Gastropoda
Subclass Opisthobranchia
Order Nudibranchia
Suborder Aeolidiina
Family Flabellinidae
Genus Coryphella
Species Coryphella verrucosa"
"116","Kingdom Animalia
Phylum Mollusca
Class Bivalvia
Subclass Pteromorphia
Order Pterioida
Family Pectinidae
Genus Crassadoma
Species Crassadoma pusio"
"117","Kingdom Animalia
Phylum Mollusca
Class Bivalvia
Subclass Pteromorphia
Order Ostreoida
Family Ostreidae
Genus Crassostrea
Species Crassostrea gigas"
"118","Kingdom Animalia
Phylum Mollusca
Class Bivalvia
Subclass Pteromorphia
Order Ostreoida
Family Ostreidae
Genus Crassostrea
Species Crassostrea virginica"
"119","Kingdom Animalia
Phylum Mollusca
Class Bivalvia
Subclass Pteromorphia
Order Mytiloida
Family Mytilidae
Genus Crenella
Species Crenella decussata"
"120","Kingdom Animalia
Phylum Mollusca
Class Gastropoda
Subclass Prosobranchia
Superorder Caenogastropoda
Order Neotaenioglossa
Family Calyptraeidae
Genus Crepidula
Species Crepidula fornicata"
"121","Kingdom Animalia
Phylum Mollusca
Class Gastropoda
Subclass Prosobranchia
Superorder Caenogastropoda
Order Neotaenioglossa
Family Rissoidae
Genus Crisilla
Species Crisilla semistriata"
"122","Kingdom Animalia
Phylum Mollusca
Class Bivalvia
Subclass Anomalodesmata
Order Pholadomyoida
Family Cuspidariidae
Genus Cuspidaria
Species Cuspidaria cuspidata"
"123","Kingdom Animalia
Phylum Mollusca
Class Bivalvia
Subclass Anomalodesmata
Order Pholadomyoida
Family Cuspidariidae
Genus Cuspidaria
Species Cuspidaria obesa"
"124","Kingdom Animalia
Phylum Mollusca
Class Bivalvia
Subclass Anomalodesmata
Order Pholadomyoida
Family Cuspidariidae
Genus Cuspidaria
Species Cuspidaria rostrata"
"125","Kingdom Animalia
Phylum Mollusca
Class Gastropoda
Subclass Opisthobranchia
Order Nudibranchia
Suborder Aeolidiina
Family Tergipedidae
Genus Cuthona
Species Cuthona amoena"
"126","Kingdom Animalia
Phylum Mollusca
Class Gastropoda
Subclass Opisthobranchia
Order Nudibranchia
Suborder Aeolidiina
Family Tergipedidae
Genus Cuthona
Species Cuthona caerulea"
"127","Kingdom Animalia
Phylum Mollusca
Class Gastropoda
Subclass Opisthobranchia
Order Nudibranchia
Suborder Aeolidiina
Family Tergipedidae
Genus Cuthona
Species Cuthona concinna"
"128","Kingdom Animalia
Phylum Mollusca
Class Gastropoda
Subclass Opisthobranchia
Order Nudibranchia
Suborder Aeolidiina
Family Tergipedidae
Genus Cuthona
Species Cuthona foliata"
"129","Kingdom Animalia
Phylum Mollusca
Class Gastropoda
Subclass Opisthobranchia
Order Nudibranchia
Suborder Aeolidiina
Family Tergipedidae
Genus Cuthona
Species Cuthona gymnota"
"130","Kingdom Animalia
Phylum Mollusca
Class Gastropoda
Subclass Opisthobranchia
Order Nudibranchia
Suborder Aeolidiina
Family Tergipedidae
Genus Cuthona
Species Cuthona nana"
"131","Kingdom Animalia
Phylum Mollusca
Class Gastropoda
Subclass Opisthobranchia
Order Nudibranchia
Suborder Aeolidiina
Family Tergipedidae
Genus Cuthona
Species Cuthona pustulata"
"132","Kingdom Animalia
Phylum Mollusca
Class Gastropoda
Subclass Opisthobranchia
Order Nudibranchia
Suborder Aeolidiina
Family Tergipedidae
Genus Cuthona
Species Cuthona rubescens"
"133","Kingdom Animalia
Phylum Mollusca
Class Gastropoda
Subclass Opisthobranchia
Order Nudibranchia
Suborder Aeolidiina
Family Tergipedidae
Genus Cuthona
Species Cuthona viridis"
"134","Kingdom Animalia
Phylum Mollusca
Class Gastropoda
Subclass Opisthobranchia
Order Cephalaspidea
Family Cylichnidae
Genus Cylichna
Species Cylichna cylindracea"
"135","Kingdom Animalia
Phylum Mollusca
Class Gastropoda
Subclass Opisthobranchia
Order Nudibranchia
Suborder Dendronotina
Family Dendronotidae
Genus Dendronotus
Species Dendronotus frondosus"
"136","Kingdom Animalia
Phylum Mollusca
Class Scaphopoda
Family Dentaliidae
Genus Dentalium
Species Dentalium entalis"
"137","Kingdom Animalia
Phylum Mollusca
Class Scaphopoda
Family Dentaliidae
Genus Dentalium
Species Dentalium vulgare"
"138","Kingdom Animalia
Phylum Mollusca
Class Bivalvia
Subclass Heterodonta
Order Veneroida
Family Montacutidae
Genus Devonia
Species Devonia perrieri"
"139","Kingdom Animalia
Phylum Mollusca
Class Gastropoda
Subclass Opisthobranchia
Order Cephalaspidea
Family Diaphanidae
Genus Diaphana
Species Diaphana minuta"
"140","Kingdom Animalia
Phylum Mollusca
Class Gastropoda
Subclass Prosobranchia
Superorder Archaeogastropoda
Order Vetigastropoda
Superfamily Scissurelloidea
Family Skeneidae
Genus Dikoleps
Species Dikoleps pusilla"
"141","Kingdom Animalia
Phylum Mollusca
Class Gastropoda
Subclass Prosobranchia
Superorder Archaeogastropoda
Order Vetigastropoda
Family Fissurellidae
Genus Diodora
Species Diodora graeca"
"142","Kingdom Animalia
Phylum Mollusca
Class Bivalvia
Subclass Heterodonta
Order Veneroida
Family Ungulinidae
Genus Diplodonta
Species Diplodonta rotundata"
"143","Kingdom Animalia
Phylum Mollusca
Class Bivalvia
Subclass Heterodonta
Order Veneroida
Family Donacidae
Genus Donax
Species Donax vittatus"
"144","Kingdom Animalia
Phylum Mollusca
Class Bivalvia
Subclass Heterodonta
Order Veneroida
Family Veneridae
Genus Dosinia
Species Dosinia exoleta"
"145","Kingdom Animalia
Phylum Mollusca
Class Bivalvia
Subclass Heterodonta
Order Veneroida
Family Veneridae
Genus Dosinia
Species Dosinia lupina"
"146","Kingdom Animalia
Phylum Mollusca
Class Gastropoda
Subclass Opisthobranchia
Order Nudibranchia
Suborder Dendronotina
Family Dotidae
Genus Doto
Species Doto coronata"
"147","Kingdom Animalia
Phylum Mollusca
Class Gastropoda
Subclass Opisthobranchia
Order Nudibranchia
Suborder Dendronotina
Family Dotidae
Genus Doto
Species Doto cuspidata"
"148","Kingdom Animalia
Phylum Mollusca
Class Gastropoda
Subclass Opisthobranchia
Order Nudibranchia
Suborder Dendronotina
Family Dotidae
Genus Doto
Species Doto dunnei"
"149","Kingdom Animalia
Phylum Mollusca
Class Gastropoda
Subclass Opisthobranchia
Order Nudibranchia
Suborder Dendronotina
Family Dotidae
Genus Doto
Species Doto fragilis"
"150","Kingdom Animalia
Phylum Mollusca
Class Gastropoda
Subclass Opisthobranchia
Order Nudibranchia
Suborder Dendronotina
Family Dotidae
Genus Doto
Species Doto millbayana"
"151","Kingdom Animalia
Phylum Mollusca
Class Gastropoda
Subclass Opisthobranchia
Order Nudibranchia
Suborder Dendronotina
Family Dotidae
Genus Doto
Species Doto pinnatifida"
"152","Kingdom Animalia
Phylum Mollusca
Class Gastropoda
Subclass Opisthobranchia
Order Nudibranchia
Suborder Dendronotina
Family Dotidae
Genus Doto
Species Doto tuberculata"
"153","Kingdom Animalia
Phylum Mollusca
Class Gastropoda
Subclass Heterobranchia
Order Heterostropha
Family Ebalidae
Genus Ebala
Species Ebala nitidissima"
"154","Kingdom Animalia
Phylum Mollusca
Class Cephalopoda
Subclass Coleoidea
Order Octopoda
Suborder Incirrata
Family Octopodidae
Genus Eledone
Species Eledone cirrhosa"
"155","Kingdom Animalia
Phylum Mollusca
Class Gastropoda
Subclass Opisthobranchia
Order Sacoglossa
Family Elysiidae
Genus Elysia
Species Elysia viridis"
"156","Kingdom Animalia
Phylum Mollusca
Class Gastropoda
Subclass Prosobranchia
Superorder Archaeogastropoda
Order Vetigastropoda
Family Fissurellidae
Genus Emarginula
Species Emarginula crassa"
"157","Kingdom Animalia
Phylum Mollusca
Class Gastropoda
Subclass Prosobranchia
Superorder Archaeogastropoda
Order Vetigastropoda
Family Fissurellidae
Genus Emarginula
Species Emarginula fissura"
"158","Kingdom Animalia
Phylum Mollusca
Class Gastropoda
Subclass Prosobranchia
Superorder Archaeogastropoda
Order Vetigastropoda
Family Fissurellidae
Genus Emarginula
Species Emarginula rosea"
"159","Kingdom Animalia
Phylum Mollusca
Class Gastropoda
Subclass Opisthobranchia
Order Nudibranchia
Suborder Aeolidiina
Family Embletoniidae
Genus Embletonia
Species Embletonia pulchra"
"160","Kingdom Animalia
Phylum Mollusca
Class Bivalvia
Subclass Heterodonta
Order Veneroida
Family Pharidae
Genus Ensis
Species Ensis americanus"
"161","Kingdom Animalia
Phylum Mollusca
Class Bivalvia
Subclass Heterodonta
Order Veneroida
Family Pharidae
Genus Ensis
Species Ensis arcuatus"
"162","Kingdom Animalia
Phylum Mollusca
Class Bivalvia
Subclass Heterodonta
Order Veneroida
Family Pharidae
Genus Ensis
Species Ensis ensis"
"163","Kingdom Animalia
Phylum Mollusca
Class Bivalvia
Subclass Heterodonta
Order Veneroida
Family Pharidae
Genus Ensis
Species Ensis minor"
"164","Kingdom Animalia
Phylum Mollusca
Class Bivalvia
Subclass Heterodonta
Order Veneroida
Family Pharidae
Genus Ensis
Species Ensis siliqua"
"165","Kingdom Animalia
Phylum Mollusca
Class Bivalvia
Subclass Heterodonta
Order Veneroida
Family Montacutidae
Genus Epilepton
Species Epilepton clarkiae"
"166","Kingdom Animalia
Phylum Mollusca
Class Gastropoda
Subclass Prosobranchia
Superorder Caenogastropoda
Order Neotaenioglossa
Suborder Ptenoglossa
Family Epitoniidae
Genus Epitonium
Species Epitonium clathratulum"
"167","Kingdom Animalia
Phylum Mollusca
Class Gastropoda
Subclass Prosobranchia
Superorder Caenogastropoda
Order Neotaenioglossa
Suborder Ptenoglossa
Family Epitoniidae
Genus Epitonium
Species Epitonium clathrus"
"168","Kingdom Animalia
Phylum Mollusca
Class Gastropoda
Subclass Prosobranchia
Superorder Caenogastropoda
Order Neotaenioglossa
Suborder Ptenoglossa
Family Epitoniidae
Genus Epitonium
Species Epitonium trevelyanum"
"169","Kingdom Animalia
Phylum Mollusca
Class Gastropoda
Subclass Prosobranchia
Superorder Caenogastropoda
Order Neotaenioglossa
Suborder Ptenoglossa
Family Epitoniidae
Genus Epitonium
Species Epitonium turtonis"
"170","Kingdom Animalia
Phylum Mollusca
Class Gastropoda
Subclass Prosobranchia
Superorder Caenogastropoda
Order Neotaenioglossa
Family Eratoidae
Genus Erato
Species Erato voluta"
"171","Kingdom Animalia
Phylum Mollusca
Class Gastropoda
Subclass Opisthobranchia
Order Nudibranchia
Suborder Aeolidiina
Family Eubranchidae
Genus Eubranchus
Species Eubranchus cingulatus"
"172","Kingdom Animalia
Phylum Mollusca
Class Gastropoda
Subclass Opisthobranchia
Order Nudibranchia
Suborder Aeolidiina
Family Eubranchidae
Genus Eubranchus
Species Eubranchus doriae"
"173","Kingdom Animalia
Phylum Mollusca
Class Gastropoda
Subclass Opisthobranchia
Order Nudibranchia
Suborder Aeolidiina
Family Eubranchidae
Genus Eubranchus
Species Eubranchus exiguus"
"174","Kingdom Animalia
Phylum Mollusca
Class Gastropoda
Subclass Opisthobranchia
Order Nudibranchia
Suborder Aeolidiina
Family Eubranchidae
Genus Eubranchus
Species Eubranchus farrani"
"175","Kingdom Animalia
Phylum Mollusca
Class Gastropoda
Subclass Opisthobranchia
Order Nudibranchia
Suborder Aeolidiina
Family Eubranchidae
Genus Eubranchus
Species Eubranchus pallidus"
"176","Kingdom Animalia
Phylum Mollusca
Class Gastropoda
Subclass Opisthobranchia
Order Nudibranchia
Suborder Aeolidiina
Family Eubranchidae
Genus Eubranchus
Species Eubranchus tricolor"
"177","Kingdom Animalia
Phylum Mollusca
Class Gastropoda
Subclass Opisthobranchia
Order Nudibranchia
Suborder Aeolidiina
Family Eubranchidae
Genus Eubranchus
Species Eubranchus vittatus"
"178","Kingdom Animalia
Phylum Mollusca
Class Gastropoda
Subclass Prosobranchia
Superorder Caenogastropoda
Order Neotaenioglossa
Suborder Ptenoglossa
Family Eulimidae
Genus Eulima
Species Eulima bilineata"
"179","Kingdom Animalia
Phylum Mollusca
Class Gastropoda
Subclass Prosobranchia
Superorder Caenogastropoda
Order Neotaenioglossa
Suborder Ptenoglossa
Family Eulimidae
Genus Eulima
Species Eulima glabra"
"180","Kingdom Animalia
Phylum Mollusca
Class Gastropoda
Subclass Heterobranchia
Order Heterostropha
Family Pyramidellidae
Genus Eulimella
Species Eulimella acicula"
"181","Kingdom Animalia
Phylum Mollusca
Class Gastropoda
Subclass Heterobranchia
Order Heterostropha
Family Pyramidellidae
Genus Eulimella
Species Eulimella scillae"
"182","Kingdom Animalia
Phylum Mollusca
Class Gastropoda
Subclass Heterobranchia
Order Heterostropha
Family Pyramidellidae
Genus Eulimella
Species Eulimella ventricosa"
"183","Kingdom Animalia
Phylum Mollusca
Class Gastropoda
Subclass Prosobranchia
Superorder Caenogastropoda
Order Neotaenioglossa
Family Naticidae
Genus Euspira
Species Euspira catena"
"184","Kingdom Animalia
Phylum Mollusca
Class Gastropoda
Subclass Prosobranchia
Superorder Caenogastropoda
Order Neotaenioglossa
Family Naticidae
Genus Euspira
Species Euspira fusca"
"185","Kingdom Animalia
Phylum Mollusca
Class Gastropoda
Subclass Prosobranchia
Superorder Caenogastropoda
Order Neotaenioglossa
Family Naticidae
Genus Euspira
Species Euspira montagui"
"186","Kingdom Animalia
Phylum Mollusca
Class Gastropoda
Subclass Prosobranchia
Superorder Caenogastropoda
Order Neotaenioglossa
Family Naticidae
Genus Euspira
Species Euspira pallida"
"187","Kingdom Animalia
Phylum Mollusca
Class Gastropoda
Subclass Prosobranchia
Superorder Caenogastropoda
Order Neotaenioglossa
Family Naticidae
Genus Euspira
Species Euspira pulchella"
"188","Kingdom Animalia
Phylum Mollusca
Class Gastropoda
Subclass Opisthobranchia
Order Nudibranchia
Suborder Aeolidiina
Family Facelinidae
Genus Facelina
Species Facelina bostoniensis"
"189","Kingdom Animalia
Phylum Mollusca
Class Gastropoda
Subclass Opisthobranchia
Order Nudibranchia
Suborder Aeolidiina
Family Facelinidae
Genus Facelina
Species Facelina coronata"
"190","Kingdom Animalia
Phylum Mollusca
Class Caudofoveata
Order Chaetodermatida
Genus Falcidens
Species Falcidens crossotus"
"191","Kingdom Animalia
Phylum Mollusca
Class Gastropoda
Subclass Opisthobranchia
Order Nudibranchia
Suborder Aeolidiina
Family Favorinidae
Genus Favorinus
Species Favorinus blianus"
"192","Kingdom Animalia
Phylum Mollusca
Class Gastropoda
Subclass Opisthobranchia
Order Nudibranchia
Suborder Aeolidiina
Family Favorinidae
Genus Favorinus
Species Favorinus branchialis"
"193","Kingdom Animalia
Phylum Mollusca
Class Cephalopoda
Subclass Coleoidea
Order Teuthoidea
Suborder Oegopsida
Family Cranchiidae
Genus Galiteuthis
Species Galiteuthis armata"
"194","Kingdom Animalia
Phylum Mollusca
Class Bivalvia
Subclass Heterodonta
Order Veneroida
Family Psammobiidae
Genus Gari
Species Gari costulata"
"195","Kingdom Animalia
Phylum Mollusca
Class Bivalvia
Subclass Heterodonta
Order Veneroida
Family Psammobiidae
Genus Gari
Species Gari depressa"
"196","Kingdom Animalia
Phylum Mollusca
Class Bivalvia
Subclass Heterodonta
Order Veneroida
Family Psammobiidae
Genus Gari
Species Gari fervensis"
"197","Kingdom Animalia
Phylum Mollusca
Class Bivalvia
Subclass Heterodonta
Order Veneroida
Family Psammobiidae
Genus Gari
Species Gari tellinella"
"198","Kingdom Animalia
Phylum Mollusca
Class Gastropoda
Subclass Opisthobranchia
Order Nudibranchia
Suborder Doridina
Family Discodorididae
Genus Geitodoris
Species Geitodoris planata"
"199","Kingdom Animalia
Phylum Mollusca
Class Gastropoda
Subclass Prosobranchia
Superorder Archaeogastropoda
Order Vetigastropoda
Superfamily Scissurelloidea
Family Trochidae
Genus Gibbula
Species Gibbula cineraria"
"200","Kingdom Animalia
Phylum Mollusca
Class Gastropoda
Subclass Prosobranchia
Superorder Archaeogastropoda
Order Vetigastropoda
Superfamily Scissurelloidea
Family Trochidae
Genus Gibbula
Species Gibbula magus"
"201","Kingdom Animalia
Phylum Mollusca
Class Gastropoda
Subclass Prosobranchia
Superorder Archaeogastropoda
Order Vetigastropoda
Superfamily Scissurelloidea
Family Trochidae
Genus Gibbula
Species Gibbula pennanti"
"202","Kingdom Animalia
Phylum Mollusca
Class Gastropoda
Subclass Prosobranchia
Superorder Archaeogastropoda
Order Vetigastropoda
Superfamily Scissurelloidea
Family Trochidae
Genus Gibbula
Species Gibbula tumida"
"203","Kingdom Animalia
Phylum Mollusca
Class Gastropoda
Subclass Prosobranchia
Superorder Archaeogastropoda
Order Vetigastropoda
Superfamily Scissurelloidea
Family Trochidae
Genus Gibbula
Species Gibbula umbilicalis"
"204","Kingdom Animalia
Phylum Mollusca
Class Bivalvia
Subclass Pteromorphia
Order Arcoida
Family Glycymerididae
Genus Glycymeris
Species Glycymeris glycymeris"
"205","Kingdom Animalia
Phylum Mollusca
Class Cephalopoda
Subclass Coleoidea
Order Teuthoidea
Suborder Oegopsida
Family Gonatidae
Genus Gonatus
Species Gonatus fabricii"
"206","Kingdom Animalia
Phylum Mollusca
Class Gastropoda
Subclass Opisthobranchia
Order Nudibranchia
Suborder Doridina
Family Goniodorididae
Genus Goniodoris
Species Goniodoris castanea"
"207","Kingdom Animalia
Phylum Mollusca
Class Gastropoda
Subclass Opisthobranchia
Order Nudibranchia
Suborder Doridina
Family Goniodorididae
Genus Goniodoris
Species Goniodoris nodosa"
"208","Kingdom Animalia
Phylum Mollusca
Class Bivalvia
Subclass Heterodonta
Order Veneroida
Family Astartidae
Genus Goodallia
Species Goodallia triangularis"
"209","Kingdom Animalia
Phylum Mollusca
Class Bivalvia
Subclass Heterodonta
Order Veneroida
Family Veneridae
Genus Gouldia
Species Gouldia minima"
"210","Kingdom Animalia
Phylum Mollusca
Class Gastropoda
Subclass Heterobranchia
Order Heterostropha
Family Cimidae
Genus Graphis
Species Graphis albida"
"211","Kingdom Animalia
Phylum Mollusca
Class Gastropoda
Subclass Prosobranchia
Superorder Caenogastropoda
Order Neotaenioglossa
Suborder Ptenoglossa
Family Eulimidae
Genus Haliella
Species Haliella stenostoma"
"212","Kingdom Animalia
Phylum Mollusca
Class Gastropoda
Subclass Prosobranchia
Superorder Archaeogastropoda
Order Vetigastropoda
Superfamily Scissurelloidea
Family Haliotidae
Genus Haliotis
Species Haliotis tuberculata"
"213","Kingdom Animalia
Phylum Mollusca
Class Polyplacophora
Order Lepidopleurida
Family Hanleyidae
Genus Hanleya
Species Hanleya hanleyi"
"214","Kingdom Animalia
Phylum Mollusca
Class Bivalvia
Subclass Heterodonta
Order Veneroida
Family Leptonidae
Genus Hemilepton
Species Hemilepton nitidum"
"215","Kingdom Animalia
Phylum Mollusca
Class Gastropoda
Subclass Opisthobranchia
Order Sacoglossa
Family Polybranchiidae
Subfamily Polybranchiinae
Genus Hermaea
Species Hermaea bifida"
"216","Kingdom Animalia
Phylum Mollusca
Class Gastropoda
Subclass Opisthobranchia
Order Nudibranchia
Suborder Arminina
Family Heroidae
Genus Hero
Species Hero formosa"
"217","Kingdom Animalia
Phylum Mollusca
Class Bivalvia
Subclass Pteromorphia
Order Pterioida
Family Anomiidae
Genus Heteranomia
Species Heteranomia squamula"
"218","Kingdom Animalia
Phylum Mollusca
Class Bivalvia
Subclass Heterodonta
Order Myoida
Family Hiatellidae
Genus Hiatella
Species Hiatella arctica"
"219","Kingdom Animalia
Phylum Mollusca
Class Gastropoda
Subclass Prosobranchia
Superorder Caenogastropoda
Order Neotaenioglossa
Family Iravadiidae
Genus Hyala
Species Hyala vitrea"
"220","Kingdom Animalia
Phylum Mollusca
Class Bivalvia
Subclass Pteromorphia
Order Pterioida
Family Pectinidae
Genus Hyalopecten
Species Hyalopecten similis"
"221","Kingdom Animalia
Phylum Mollusca
Class Gastropoda
Subclass Prosobranchia
Superorder Caenogastropoda
Order Neotaenioglossa
Family Hydrobiidae
Genus Hydrobia
Species Hydrobia neglecta"
"222","Kingdom Animalia
Phylum Mollusca
Class Gastropoda
Subclass Prosobranchia
Superorder Caenogastropoda
Order Neotaenioglossa
Family Hydrobiidae
Genus Hydrobia
Species Hydrobia ulvae"
"223","Kingdom Animalia
Phylum Mollusca
Class Bivalvia
Subclass Pteromorphia
Order Mytiloida
Family Mytilidae
Genus Idas
Species Idas simpsoni"
"224","Kingdom Animalia
Phylum Mollusca
Class Cephalopoda
Subclass Coleoidea
Order Teuthoidea
Suborder Oegopsida
Family Ommastrephidae
Genus Illex
Species Illex coindetii"
"225","Kingdom Animalia
Phylum Mollusca
Class Gastropoda
Subclass Prosobranchia
Superorder Archaeogastropoda
Order Docoglossa
Family Lepetidae
Genus Iothia
Species Iothia fulva"
"226","Kingdom Animalia
Phylum Mollusca
Class Bivalvia
Subclass Heterodonta
Order Veneroida
Family Veneridae
Genus Irus
Species Irus irus"
"227","Kingdom Animalia
Phylum Mollusca
Class Polyplacophora
Order Lepidopleurida
Family Ischnochitonidae
Genus Ischnochiton
Species Ischnochiton albus"
"228","Kingdom Animalia
Phylum Mollusca
Class Gastropoda
Subclass Opisthobranchia
Order Nudibranchia
Suborder Arminina
Family Zephyrinidae
Genus Janolus
Species Janolus cristatus"
"229","Kingdom Animalia
Phylum Mollusca
Class Gastropoda
Subclass Opisthobranchia
Order Nudibranchia
Suborder Arminina
Family Zephyrinidae
Genus Janolus
Species Janolus hyalinus"
"230","Kingdom Animalia
Phylum Mollusca
Class Gastropoda
Subclass Opisthobranchia
Order Nudibranchia
Suborder Doridina
Family Kentrodorididae
Genus Jorunna
Species Jorunna tomentosa"
"231","Kingdom Animalia
Phylum Mollusca
Class Gastropoda
Subclass Prosobranchia
Superorder Archaeogastropoda
Order Vetigastropoda
Superfamily Scissurelloidea
Family Trochidae
Genus Jujubinus
Species Jujubinus exasperatus"
"232","Kingdom Animalia
Phylum Mollusca
Class Gastropoda
Subclass Prosobranchia
Superorder Archaeogastropoda
Order Vetigastropoda
Superfamily Scissurelloidea
Family Trochidae
Genus Jujubinus
Species Jujubinus montagui"
"233","Kingdom Animalia
Phylum Mollusca
Class Gastropoda
Subclass Prosobranchia
Superorder Archaeogastropoda
Order Vetigastropoda
Superfamily Scissurelloidea
Family Trochidae
Genus Jujubinus
Species Jujubinus striatus"
"234","Kingdom Animalia
Phylum Mollusca
Class Bivalvia
Subclass Heterodonta
Order Veneroida
Family Kelliidae
Genus Kellia
Species Kellia suborbicularis"
"235","Kingdom Animalia
Phylum Mollusca
Class Gastropoda
Subclass Prosobranchia
Superorder Caenogastropoda
Order Neotaenioglossa
Family Lacunidae
Genus Lacuna
Species Lacuna crassior"
"236","Kingdom Animalia
Phylum Mollusca
Class Gastropoda
Subclass Prosobranchia
Superorder Caenogastropoda
Order Neotaenioglossa
Family Lacunidae
Genus Lacuna
Species Lacuna pallidula"
"237","Kingdom Animalia
Phylum Mollusca
Class Gastropoda
Subclass Prosobranchia
Superorder Caenogastropoda
Order Neotaenioglossa
Family Lacunidae
Genus Lacuna
Species Lacuna parva"
"238","Kingdom Animalia
Phylum Mollusca
Class Gastropoda
Subclass Prosobranchia
Superorder Caenogastropoda
Order Neotaenioglossa
Family Lacunidae
Genus Lacuna
Species Lacuna vincta"
"239","Kingdom Animalia
Phylum Mollusca
Class Bivalvia
Subclass Heterodonta
Order Veneroida
Family Cardiidae
Genus Laevicardium
Species Laevicardium crassum"
"240","Kingdom Animalia
Phylum Mollusca
Class Gastropoda
Subclass Prosobranchia
Superorder Caenogastropoda
Order Neotaenioglossa
Family Lamellariidae
Genus Lamellaria
Species Lamellaria latens"
"241","Kingdom Animalia
Phylum Mollusca
Class Gastropoda
Subclass Prosobranchia
Superorder Caenogastropoda
Order Neotaenioglossa
Family Lamellariidae
Genus Lamellaria
Species Lamellaria perspicua"
"242","Kingdom Animalia
Phylum Mollusca
Class Bivalvia
Subclass Heterodonta
Order Veneroida
Family Lasaeidae
Genus Lasaea
Species Lasaea rubra"
"243","Kingdom Animalia
Phylum Mollusca
Class Gastropoda
Subclass Prosobranchia
Superorder Archaeogastropoda
Order Docoglossa
Family Lepetidae
Genus Lepeta
Species Lepeta caeca"
"244","Kingdom Animalia
Phylum Mollusca
Class Polyplacophora
Order Lepidopleurida
Family Ischnochitonidae
Genus Lepidochitona
Species Lepidochitona cinerea"
"245","Kingdom Animalia
Phylum Mollusca
Class Polyplacophora
Order Lepidopleurida
Family Leptochitonidae
Genus Leptochiton
Species Leptochiton asellus"
"246","Kingdom Animalia
Phylum Mollusca
Class Polyplacophora
Order Lepidopleurida
Family Leptochitonidae
Genus Leptochiton
Species Leptochiton cancellatus"
"247","Kingdom Animalia
Phylum Mollusca
Class Bivalvia
Subclass Heterodonta
Order Veneroida
Family Leptonidae
Genus Lepton
Species Lepton squamosum"
"248","Kingdom Animalia
Phylum Mollusca
Class Gastropoda
Subclass Opisthobranchia
Order Nudibranchia
Suborder Doridina
Family Polyceridae
Genus Limacia
Species Limacia clavigera"
"249","Kingdom Animalia
Phylum Mollusca
Class Gastropoda
Subclass Opisthobranchia
Order Sacoglossa
Family Stiligeridae
Genus Limapontia
Species Limapontia capitata"
"250","Kingdom Animalia
Phylum Mollusca
Class Gastropoda
Subclass Opisthobranchia
Order Sacoglossa
Family Stiligeridae
Genus Limapontia
Species Limapontia depressa"
"251","Kingdom Animalia
Phylum Mollusca
Class Gastropoda
Subclass Opisthobranchia
Order Sacoglossa
Family Stiligeridae
Genus Limapontia
Species Limapontia senestra"
"252","Kingdom Animalia
Phylum Mollusca
Class Bivalvia
Subclass Pteromorphia
Order Pterioida
Family Limidae
Genus Limaria
Species Limaria hians"
"253","Kingdom Animalia
Phylum Mollusca
Class Bivalvia
Subclass Pteromorphia
Order Pterioida
Family Limidae
Genus Limatula
Species Limatula gwyni"
"254","Kingdom Animalia
Phylum Mollusca
Class Bivalvia
Subclass Pteromorphia
Order Pterioida
Family Limidae
Genus Limatula
Species Limatula subauriculata"
"255","Kingdom Animalia
Phylum Mollusca
Class Bivalvia
Subclass Pteromorphia
Order Pterioida
Family Limidae
Genus Limea
Species Limea loscombi"
"256","Kingdom Animalia
Phylum Mollusca
Class Gastropoda
Subclass Prosobranchia
Superorder Caenogastropoda
Order Neogastropoda
Family Buccinidae
Genus Liomesus
Species Liomesus ovum"
"257","Kingdom Animalia
Phylum Mollusca
Class Gastropoda
Subclass Prosobranchia
Superorder Caenogastropoda
Order Neotaenioglossa
Family Littorinidae
Genus Littorina
Species Littorina arcana"
"258","Kingdom Animalia
Phylum Mollusca
Class Gastropoda
Subclass Prosobranchia
Superorder Caenogastropoda
Order Neotaenioglossa
Family Littorinidae
Genus Littorina
Species Littorina fabalis"
"259","Kingdom Animalia
Phylum Mollusca
Class Gastropoda
Subclass Prosobranchia
Superorder Caenogastropoda
Order Neotaenioglossa
Family Littorinidae
Genus Littorina
Species Littorina littorea"
"260","Kingdom Animalia
Phylum Mollusca
Class Gastropoda
Subclass Prosobranchia
Superorder Caenogastropoda
Order Neotaenioglossa
Family Littorinidae
Genus Littorina
Species Littorina neglecta"
"261","Kingdom Animalia
Phylum Mollusca
Class Gastropoda
Subclass Prosobranchia
Superorder Caenogastropoda
Order Neotaenioglossa
Family Littorinidae
Genus Littorina
Species Littorina nigrolineata"
"262","Kingdom Animalia
Phylum Mollusca
Class Gastropoda
Subclass Prosobranchia
Superorder Caenogastropoda
Order Neotaenioglossa
Family Littorinidae
Genus Littorina
Species Littorina obtusata"
"263","Kingdom Animalia
Phylum Mollusca
Class Gastropoda
Subclass Prosobranchia
Superorder Caenogastropoda
Order Neotaenioglossa
Family Littorinidae
Genus Littorina
Species Littorina saxatilis"
"264","Kingdom Animalia
Phylum Mollusca
Class Cephalopoda
Subclass Coleoidea
Order Teuthoidea
Suborder Myopsida
Family Loliginidae
Genus Loligo
Species Loligo forbesi"
"265","Kingdom Animalia
Phylum Mollusca
Class Cephalopoda
Subclass Coleoidea
Order Teuthoidea
Suborder Myopsida
Family Loliginidae
Genus Loligo
Species Loligo vulgaris"
"266","Kingdom Animalia
Phylum Mollusca
Class Gastropoda
Subclass Opisthobranchia
Order Nudibranchia
Suborder Dendronotina
Family Lomanotidae
Genus Lomanotus
Species Lomanotus genei"
"267","Kingdom Animalia
Phylum Mollusca
Class Gastropoda
Subclass Opisthobranchia
Order Nudibranchia
Suborder Dendronotina
Family Lomanotidae
Genus Lomanotus
Species Lomanotus marmoratus"
"268","Kingdom Animalia
Phylum Mollusca
Class Bivalvia
Subclass Heterodonta
Order Veneroida
Family Lucinidae
Genus Loripes
Species Loripes lacteus"
"269","Kingdom Animalia
Phylum Mollusca
Class Bivalvia
Subclass Heterodonta
Order Veneroida
Family Lucinidae
Genus Lucinella
Species Lucinella divaricata"
"270","Kingdom Animalia
Phylum Mollusca
Class Bivalvia
Subclass Heterodonta
Order Veneroida
Family Lucinidae
Genus Lucinoma
Species Lucinoma borealis"
"271","Kingdom Animalia
Phylum Mollusca
Class Bivalvia
Subclass Heterodonta
Order Veneroida
Family Mactridae
Genus Lutraria
Species Lutraria angustior"
"272","Kingdom Animalia
Phylum Mollusca
Class Bivalvia
Subclass Heterodonta
Order Veneroida
Family Mactridae
Genus Lutraria
Species Lutraria lutraria"
"273","Kingdom Animalia
Phylum Mollusca
Class Bivalvia
Subclass Anomalodesmata
Order Pholadomyoida
Family Lyonsiidae
Genus Lyonsia
Species Lyonsia norwegica"
"274","Kingdom Animalia
Phylum Mollusca
Class Bivalvia
Subclass Heterodonta
Order Veneroida
Family Tellinidae
Genus Macoma
Species Macoma balthica"
"275","Kingdom Animalia
Phylum Mollusca
Class Bivalvia
Subclass Heterodonta
Order Veneroida
Family Tellinidae
Genus Macoma
Species Macoma calcarea"
"276","Kingdom Animalia
Phylum Mollusca
Class Bivalvia
Subclass Heterodonta
Order Veneroida
Family Mactridae
Genus Mactra
Species Mactra stultorum"
"277","Kingdom Animalia
Phylum Mollusca
Class Gastropoda
Subclass Prosobranchia
Superorder Caenogastropoda
Order Neogastropoda
Family Turridae
Genus Mangelia
Species Mangelia attenuata"
"278","Kingdom Animalia
Phylum Mollusca
Class Gastropoda
Subclass Prosobranchia
Superorder Caenogastropoda
Order Neogastropoda
Family Turridae
Genus Mangelia
Species Mangelia coarctata"
"279","Kingdom Animalia
Phylum Mollusca
Class Gastropoda
Subclass Prosobranchia
Superorder Caenogastropoda
Order Neogastropoda
Family Turridae
Genus Mangelia
Species Mangelia smithii"
"280","Kingdom Animalia
Phylum Mollusca
Class Gastropoda
Subclass Prosobranchia
Superorder Caenogastropoda
Order Neotaenioglossa
Family Rissoidae
Genus Manzonia
Species Manzonia crassa"
"281","Kingdom Animalia
Phylum Mollusca
Class Gastropoda
Subclass Prosobranchia
Superorder Archaeogastropoda
Order Vetigastropoda
Superfamily Scissurelloidea
Family Trochidae
Genus Margarites
Species Margarites groenlandicus"
"282","Kingdom Animalia
Phylum Mollusca
Class Gastropoda
Subclass Prosobranchia
Superorder Archaeogastropoda
Order Vetigastropoda
Superfamily Scissurelloidea
Family Trochidae
Genus Margarites
Species Margarites helicinus"
"283","Kingdom Animalia
Phylum Mollusca
Class Gastropoda
Subclass Prosobranchia
Superorder Caenogastropoda
Order Neotaenioglossa
Suborder Ptenoglossa
Family Triphoridae
Genus Marshallora
Species Marshallora adversa"
"284","Kingdom Animalia
Phylum Mollusca
Class Gastropoda
Subclass Prosobranchia
Superorder Caenogastropoda
Order Neotaenioglossa
Suborder Ptenoglossa
Family Eulimidae
Genus Melanella
Species Melanella alba"
"285","Kingdom Animalia
Phylum Mollusca
Class Gastropoda
Subclass Prosobranchia
Superorder Caenogastropoda
Order Neotaenioglossa
Suborder Ptenoglossa
Family Eulimidae
Genus Melanella
Species Melanella lubrica"
"286","Kingdom Animalia
Phylum Mollusca
Class Gastropoda
Subclass Prosobranchia
Superorder Caenogastropoda
Order Neotaenioglossa
Suborder Ptenoglossa
Family Eulimidae
Genus Melanella
Species Melanella monterosatoi"
"287","Kingdom Animalia
Phylum Mollusca
Class Gastropoda
Subclass Prosobranchia
Superorder Caenogastropoda
Order Neotaenioglossa
Family Littorinidae
Genus Melaraphe
Species Melaraphe neritoides"
"288","Kingdom Animalia
Phylum Mollusca
Class Bivalvia
Subclass Heterodonta
Order Veneroida
Family Veneridae
Genus Mercenaria
Species Mercenaria mercenaria"
"289","Kingdom Animalia
Phylum Mollusca
Class Gastropoda
Subclass Prosobranchia
Superorder Caenogastropoda
Order Neotaenioglossa
Family Hydrobiidae
Genus Mercuria
Species Mercuria confusa"
"290","Kingdom Animalia
Phylum Mollusca
Class Gastropoda
Subclass Opisthobranchia
Order Acochlidioidea
Family Microhedylidae
Genus Microhedyle
Species Microhedyle lactea"
"291","Kingdom Animalia
Phylum Mollusca
Class Bivalvia
Subclass Pteromorphia
Order Mytiloida
Family Mytilidae
Genus Modiolarca
Species Modiolarca subpicta"
"292","Kingdom Animalia
Phylum Mollusca
Class Bivalvia
Subclass Pteromorphia
Order Mytiloida
Family Mytilidae
Genus Modiolula
Species Modiolula phaseolina"
"293","Kingdom Animalia
Phylum Mollusca
Class Bivalvia
Subclass Pteromorphia
Order Mytiloida
Family Mytilidae
Genus Modiolus
Species Modiolus barbatus"
"294","Kingdom Animalia
Phylum Mollusca
Class Bivalvia
Subclass Pteromorphia
Order Mytiloida
Family Mytilidae
Genus Modiolus
Species Modiolus modiolus"
"295","Kingdom Animalia
Phylum Mollusca
Class Bivalvia
Subclass Heterodonta
Order Veneroida
Family Montacutidae
Genus Montacuta
Species Montacuta substriata"
"296","Kingdom Animalia
Phylum Mollusca
Class Bivalvia
Subclass Heterodonta
Order Veneroida
Family Montacutidae
Genus Montacuta
Species Montacuta tenella"
"297","Kingdom Animalia
Phylum Mollusca
Class Bivalvia
Subclass Pteromorphia
Order Mytiloida
Family Mytilidae
Genus Musculus
Species Musculus costulatus"
"298","Kingdom Animalia
Phylum Mollusca
Class Bivalvia
Subclass Pteromorphia
Order Mytiloida
Family Mytilidae
Genus Musculus
Species Musculus discors"
"299","Kingdom Animalia
Phylum Mollusca
Class Bivalvia
Subclass Pteromorphia
Order Mytiloida
Family Mytilidae
Genus Musculus
Species Musculus niger"
"300","Kingdom Animalia
Phylum Mollusca
Class Bivalvia
Subclass Heterodonta
Order Myoida
Family Myidae
Genus Mya
Species Mya arenaria"
"301","Kingdom Animalia
Phylum Mollusca
Class Bivalvia
Subclass Heterodonta
Order Myoida
Family Myidae
Genus Mya
Species Mya truncata"
"302","Kingdom Animalia
Phylum Mollusca
Class Bivalvia
Subclass Heterodonta
Order Veneroida
Family Lucinidae
Genus Myrtea
Species Myrtea spinifera"
"303","Kingdom Animalia
Phylum Mollusca
Class Bivalvia
Subclass Heterodonta
Order Veneroida
Family Montacutidae
Genus Mysella
Species Mysella bidentata"
"304","Kingdom Animalia
Phylum Mollusca
Class Bivalvia
Subclass Heterodonta
Order Veneroida
Family Montacutidae
Genus Mysella
Species Mysella dawsoni"
"305","Kingdom Animalia
Phylum Mollusca
Class Bivalvia
Subclass Heterodonta
Order Veneroida
Family Montacutidae
Genus Mysella
Species Mysella tumidula"
"306","Kingdom Animalia
Phylum Mollusca
Class Bivalvia
Subclass Heterodonta
Order Veneroida
Family Petricolidae
Genus Mysia
Species Mysia undata"
"307","Kingdom Animalia
Phylum Mollusca
Class Bivalvia
Subclass Pteromorphia
Order Mytiloida
Family Mytilidae
Genus Mytilus
Species Mytilus edulis"
"308","Kingdom Animalia
Phylum Mollusca
Class Bivalvia
Subclass Pteromorphia
Order Mytiloida
Family Mytilidae
Genus Mytilus
Species Mytilus galloprovincialis"
"309","Kingdom Animalia
Phylum Mollusca
Class Gastropoda
Subclass Prosobranchia
Superorder Caenogastropoda
Order Neogastropoda
Family Nassariidae
Genus Nassarius
Species Nassarius incrassatus"
"310","Kingdom Animalia
Phylum Mollusca
Class Gastropoda
Subclass Prosobranchia
Superorder Caenogastropoda
Order Neogastropoda
Family Nassariidae
Genus Nassarius
Species Nassarius nitidus"
"311","Kingdom Animalia
Phylum Mollusca
Class Gastropoda
Subclass Prosobranchia
Superorder Caenogastropoda
Order Neogastropoda
Family Nassariidae
Genus Nassarius
Species Nassarius pygmaeus"
"312","Kingdom Animalia
Phylum Mollusca
Class Gastropoda
Subclass Prosobranchia
Superorder Caenogastropoda
Order Neogastropoda
Family Nassariidae
Genus Nassarius
Species Nassarius reticulatus"
"313","Kingdom Animalia
Phylum Mollusca
Class Solenogastres
Order Pholidoskepia
Family Dondersiidae
Genus Nematomenia
Species Nematomenia banyulensis"
"314","Kingdom Animalia
Phylum Mollusca
Class Solenogastres
Order Neomeniamorpha
Family Neomeniidae
Genus Neomenia
Species Neomenia carinata"
"315","Kingdom Animalia
Phylum Mollusca
Class Gastropoda
Subclass Prosobranchia
Superorder Caenogastropoda
Order Neogastropoda
Family Buccinidae
Genus Neptunea
Species Neptunea antiqua"
"316","Kingdom Animalia
Phylum Mollusca
Class Gastropoda
Subclass Prosobranchia
Superorder Caenogastropoda
Order Neogastropoda
Family Buccinidae
Genus Neptunea
Species Neptunea contraria"
"317","Kingdom Animalia
Phylum Mollusca
Class Gastropoda
Subclass Heterobranchia
Order Heterostropha
Family Pyramidellidae
Genus Noemiamea
Species Noemiamea dolioliformis"
"318","Kingdom Animalia
Phylum Mollusca
Class Bivalvia
Subclass Heterodonta
Order Myoida
Family Teredinidae
Genus Nototeredo
Species Nototeredo norvegica"
"319","Kingdom Animalia
Phylum Mollusca
Class Gastropoda
Subclass Prosobranchia
Superorder Caenogastropoda
Order Neogastropoda
Family Muricidae
Genus Nucella
Species Nucella lapillus"
"320","Kingdom Animalia
Phylum Mollusca
Class Bivalvia
Subclass Protobranchia
Order Nuculoida
Family Nuculidae
Genus Nucula
Species Nucula hanleyi"
"321","Kingdom Animalia
Phylum Mollusca
Class Bivalvia
Subclass Protobranchia
Order Nuculoida
Family Nuculidae
Genus Nucula
Species Nucula nitidosa"
"322","Kingdom Animalia
Phylum Mollusca
Class Bivalvia
Subclass Protobranchia
Order Nuculoida
Family Nuculidae
Genus Nucula
Species Nucula nucleus"
"323","Kingdom Animalia
Phylum Mollusca
Class Bivalvia
Subclass Protobranchia
Order Nuculoida
Family Nuculidae
Genus Nucula
Species Nucula sulcata"
"324","Kingdom Animalia
Phylum Mollusca
Class Bivalvia
Subclass Protobranchia
Order Nuculoida
Family Nuculanidae
Genus Nuculana
Species Nuculana minuta"
"325","Kingdom Animalia
Phylum Mollusca
Class Bivalvia
Subclass Protobranchia
Order Nuculoida
Family Nuculanidae
Genus Nuculana
Species Nuculana pernula"
"326","Kingdom Animalia
Phylum Mollusca
Class Bivalvia
Subclass Protobranchia
Order Nuculoida
Family Nuculidae
Genus Nuculoma
Species Nuculoma tenuis"
"327","Kingdom Animalia
Phylum Mollusca
Class Gastropoda
Subclass Prosobranchia
Superorder Caenogastropoda
Order Neotaenioglossa
Family Rissoidae
Genus Obtusella
Species Obtusella intersecta"
"328","Kingdom Animalia
Phylum Mollusca
Class Gastropoda
Subclass Prosobranchia
Superorder Caenogastropoda
Order Neogastropoda
Family Muricidae
Genus Ocenebra
Species Ocenebra erinacea"
"329","Kingdom Animalia
Phylum Mollusca
Class Cephalopoda
Subclass Coleoidea
Order Octopoda
Suborder Incirrata
Family Octopodidae
Genus Octopus
Species Octopus vulgaris"
"330","Kingdom Animalia
Phylum Mollusca
Class Gastropoda
Subclass Heterobranchia
Order Heterostropha
Family Pyramidellidae
Genus Odostomia
Species Odostomia acuta"
"331","Kingdom Animalia
Phylum Mollusca
Class Gastropoda
Subclass Heterobranchia
Order Heterostropha
Family Pyramidellidae
Genus Odostomia
Species Odostomia carrozzai"
"332","Kingdom Animalia
Phylum Mollusca
Class Gastropoda
Subclass Heterobranchia
Order Heterostropha
Family Pyramidellidae
Genus Odostomia
Species Odostomia conoidea"
"333","Kingdom Animalia
Phylum Mollusca
Class Gastropoda
Subclass Heterobranchia
Order Heterostropha
Family Pyramidellidae
Genus Odostomia
Species Odostomia conspicua"
"334","Kingdom Animalia
Phylum Mollusca
Class Gastropoda
Subclass Heterobranchia
Order Heterostropha
Family Pyramidellidae
Genus Odostomia
Species Odostomia eulimoides"
"335","Kingdom Animalia
Phylum Mollusca
Class Gastropoda
Subclass Heterobranchia
Order Heterostropha
Family Pyramidellidae
Genus Odostomia
Species Odostomia lukisii"
"336","Kingdom Animalia
Phylum Mollusca
Class Gastropoda
Subclass Heterobranchia
Order Heterostropha
Family Pyramidellidae
Genus Odostomia
Species Odostomia plicata"
"337","Kingdom Animalia
Phylum Mollusca
Class Gastropoda
Subclass Heterobranchia
Order Heterostropha
Family Pyramidellidae
Genus Odostomia
Species Odostomia scalaris"
"338","Kingdom Animalia
Phylum Mollusca
Class Gastropoda
Subclass Heterobranchia
Order Heterostropha
Family Pyramidellidae
Genus Odostomia
Species Odostomia turrita"
"339","Kingdom Animalia
Phylum Mollusca
Class Gastropoda
Subclass Heterobranchia
Order Heterostropha
Family Pyramidellidae
Genus Odostomia
Species Odostomia unidentata"
"340","Kingdom Animalia
Phylum Mollusca
Class Gastropoda
Subclass Prosobranchia
Superorder Caenogastropoda
Order Neogastropoda
Family Turridae
Genus Oenopota
Species Oenopota rufa"
"341","Kingdom Animalia
Phylum Mollusca
Class Gastropoda
Subclass Prosobranchia
Superorder Caenogastropoda
Order Neogastropoda
Family Turridae
Genus Oenopota
Species Oenopota trevelliana"
"342","Kingdom Animalia
Phylum Mollusca
Class Gastropoda
Subclass Prosobranchia
Superorder Caenogastropoda
Order Neogastropoda
Family Turridae
Genus Oenopota
Species Oenopota turricula"
"343","Kingdom Animalia
Phylum Mollusca
Class Gastropoda
Subclass Opisthobranchia
Order Nudibranchia
Suborder Doridina
Family Goniodorididae
Genus Okenia
Species Okenia leachii"
"344","Kingdom Animalia
Phylum Mollusca
Class Gastropoda
Subclass Opisthobranchia
Order Nudibranchia
Suborder Doridina
Family Goniodorididae
Genus Okenia
Species Okenia quadricornis"
"345","Kingdom Animalia
Phylum Mollusca
Class Gastropoda
Subclass Heterobranchia
Order Heterostropha
Family Omalogyridae
Genus Omalogyra
Species Omalogyra atomus"
"346","Kingdom Animalia
Phylum Mollusca
Class Cephalopoda
Subclass Coleoidea
Order Teuthoidea
Suborder Oegopsida
Family Ommastrephidae
Genus Ommastrephes
Species Ommastrephes bartramii"
"347","Kingdom Animalia
Phylum Mollusca
Class Gastropoda
Subclass Opisthobranchia
Order Nudibranchia
Suborder Doridina
Family Onchidorididae
Genus Onchidoris
Species Onchidoris depressa"
"348","Kingdom Animalia
Phylum Mollusca
Class Gastropoda
Subclass Opisthobranchia
Order Nudibranchia
Suborder Doridina
Family Onchidorididae
Genus Onchidoris
Species Onchidoris fusca"
"349","Kingdom Animalia
Phylum Mollusca
Class Gastropoda
Subclass Opisthobranchia
Order Nudibranchia
Suborder Doridina
Family Onchidorididae
Genus Onchidoris
Species Onchidoris inconspicua"
"350","Kingdom Animalia
Phylum Mollusca
Class Gastropoda
Subclass Opisthobranchia
Order Nudibranchia
Suborder Doridina
Family Onchidorididae
Genus Onchidoris
Species Onchidoris luteocincta"
"351","Kingdom Animalia
Phylum Mollusca
Class Gastropoda
Subclass Opisthobranchia
Order Nudibranchia
Suborder Doridina
Family Onchidorididae
Genus Onchidoris
Species Onchidoris muricata"
"352","Kingdom Animalia
Phylum Mollusca
Class Gastropoda
Subclass Opisthobranchia
Order Nudibranchia
Suborder Doridina
Family Onchidorididae
Genus Onchidoris
Species Onchidoris pusilla"
"353","Kingdom Animalia
Phylum Mollusca
Class Gastropoda
Subclass Opisthobranchia
Order Nudibranchia
Suborder Doridina
Family Onchidorididae
Genus Onchidoris
Species Onchidoris sparsa"
"354","Kingdom Animalia
Phylum Mollusca
Class Gastropoda
Subclass Heterobranchia
Order Heterostropha
Family Pyramidellidae
Genus Ondina
Species Ondina diaphana"
"355","Kingdom Animalia
Phylum Mollusca
Class Gastropoda
Subclass Heterobranchia
Order Heterostropha
Family Pyramidellidae
Genus Ondina
Species Ondina divisa"
"356","Kingdom Animalia
Phylum Mollusca
Class Gastropoda
Subclass Prosobranchia
Superorder Caenogastropoda
Order Neotaenioglossa
Family Rissoidae
Genus Onoba
Species Onoba aculea"
"357","Kingdom Animalia
Phylum Mollusca
Class Gastropoda
Subclass Prosobranchia
Superorder Caenogastropoda
Order Neotaenioglossa
Family Rissoidae
Genus Onoba
Species Onoba semicostata"
"358","Kingdom Animalia
Phylum Mollusca
Class Gastropoda
Subclass Prosobranchia
Superorder Archaeogastropoda
Order Vetigastropoda
Superfamily Scissurelloidea
Family Trochidae
Genus Osilinus
Species Osilinus lineatus"
"359","Kingdom Animalia
Phylum Mollusca
Class Bivalvia
Subclass Pteromorphia
Order Ostreoida
Family Ostreidae
Genus Ostrea
Species Ostrea edulis"
"360","Kingdom Animalia
Phylum Mollusca
Class Gastropoda
Subclass Pulmonata
Order Basommatophora
Superfamily Ellobioidea
Family Otinidae
Genus Otina
Species Otina ovata"
"361","Kingdom Animalia
Phylum Mollusca
Class Gastropoda
Subclass Pulmonata
Order Basommatophora
Superfamily Ellobioidea
Family Ellobiidae
Genus Ovatella
Species Ovatella denticulata"
"362","Kingdom Animalia
Phylum Mollusca
Class Gastropoda
Subclass Pulmonata
Order Basommatophora
Superfamily Ellobioidea
Family Ellobiidae
Genus Ovatella
Species Ovatella myosotis"
"363","Kingdom Animalia
Phylum Mollusca
Class Bivalvia
Subclass Pteromorphia
Order Pterioida
Family Pectinidae
Genus Palliolum
Species Palliolum furtivum"
"364","Kingdom Animalia
Phylum Mollusca
Class Bivalvia
Subclass Pteromorphia
Order Pterioida
Family Pectinidae
Genus Palliolum
Species Palliolum striatum"
"365","Kingdom Animalia
Phylum Mollusca
Class Bivalvia
Subclass Pteromorphia
Order Pterioida
Family Pectinidae
Genus Palliolum
Species Palliolum tigerinum"
"366","Kingdom Animalia
Phylum Mollusca
Class Bivalvia
Subclass Anomalodesmata
Order Pholadomyoida
Family Pandoridae
Genus Pandora
Species Pandora albida"
"367","Kingdom Animalia
Phylum Mollusca
Class Bivalvia
Subclass Anomalodesmata
Order Pholadomyoida
Family Pandoridae
Genus Pandora
Species Pandora pinna"
"368","Kingdom Animalia
Phylum Mollusca
Class Bivalvia
Subclass Heterodonta
Order Myoida
Family Hiatellidae
Genus Panomya
Species Panomya arctica"
"369","Kingdom Animalia
Phylum Mollusca
Class Bivalvia
Subclass Heterodonta
Order Veneroida
Family Veneridae
Genus Paphia
Species Paphia aurea"
"370","Kingdom Animalia
Phylum Mollusca
Class Bivalvia
Subclass Heterodonta
Order Veneroida
Family Veneridae
Genus Paphia
Species Paphia rhomboides"
"371","Kingdom Animalia
Phylum Mollusca
Class Bivalvia
Subclass Heterodonta
Order Veneroida
Family Cardiidae
Genus Parvicardium
Species Parvicardium exiguum"
"372","Kingdom Animalia
Phylum Mollusca
Class Bivalvia
Subclass Heterodonta
Order Veneroida
Family Cardiidae
Genus Parvicardium
Species Parvicardium minimum"
"373","Kingdom Animalia
Phylum Mollusca
Class Bivalvia
Subclass Heterodonta
Order Veneroida
Family Cardiidae
Genus Parvicardium
Species Parvicardium ovale"
"374","Kingdom Animalia
Phylum Mollusca
Class Bivalvia
Subclass Heterodonta
Order Veneroida
Family Cardiidae
Genus Parvicardium
Species Parvicardium scabrum"
"375","Kingdom Animalia
Phylum Mollusca
Class Gastropoda
Subclass Prosobranchia
Superorder Archaeogastropoda
Order Docoglossa
Family Patellidae
Genus Patella
Species Patella intermedia"
"376","Kingdom Animalia
Phylum Mollusca
Class Gastropoda
Subclass Prosobranchia
Superorder Archaeogastropoda
Order Docoglossa
Family Patellidae
Genus Patella
Species Patella ulyssiponensis"
"377","Kingdom Animalia
Phylum Mollusca
Class Gastropoda
Subclass Prosobranchia
Superorder Archaeogastropoda
Order Docoglossa
Family Patellidae
Genus Patella
Species Patella vulgata"
"378","Kingdom Animalia
Phylum Mollusca
Class Bivalvia
Subclass Pteromorphia
Order Pterioida
Family Pectinidae
Genus Pecten
Species Pecten maximus"
"379","Kingdom Animalia
Phylum Mollusca
Class Gastropoda
Subclass Prosobranchia
Superorder Caenogastropoda
Order Neotaenioglossa
Suborder Ptenoglossa
Family Eulimidae
Genus Pelseneeria
Species Pelseneeria minor"
"380","Kingdom Animalia
Phylum Mollusca
Class Bivalvia
Subclass Heterodonta
Order Veneroida
Family Petricolidae
Genus Petricola
Species Petricola pholadiformis"
"381","Kingdom Animalia
Phylum Mollusca
Class Bivalvia
Subclass Heterodonta
Order Veneroida
Family Pharidae
Genus Pharus
Species Pharus legumen"
"382","Kingdom Animalia
Phylum Mollusca
Class Bivalvia
Subclass Protobranchia
Order Nuculoida
Family Phaseolidae
Genus Phaseolus
Species Phaseolus guilonardi"
"383","Kingdom Animalia
Phylum Mollusca
Class Bivalvia
Subclass Heterodonta
Order Veneroida
Family Pharidae
Genus Phaxas
Species Phaxas pellucidus"
"384","Kingdom Animalia
Phylum Mollusca
Class Gastropoda
Subclass Opisthobranchia
Order Cephalaspidea
Family Philinidae
Genus Philine
Species Philine angulata"
"385","Kingdom Animalia
Phylum Mollusca
Class Gastropoda
Subclass Opisthobranchia
Order Cephalaspidea
Family Philinidae
Genus Philine
Species Philine aperta"
"386","Kingdom Animalia
Phylum Mollusca
Class Gastropoda
Subclass Opisthobranchia
Order Cephalaspidea
Family Philinidae
Genus Philine
Species Philine catena"
"387","Kingdom Animalia
Phylum Mollusca
Class Gastropoda
Subclass Opisthobranchia
Order Cephalaspidea
Family Philinidae
Genus Philine
Species Philine pruinosa"
"388","Kingdom Animalia
Phylum Mollusca
Class Gastropoda
Subclass Opisthobranchia
Order Cephalaspidea
Family Philinidae
Genus Philine
Species Philine punctata"
"389","Kingdom Animalia
Phylum Mollusca
Class Gastropoda
Subclass Opisthobranchia
Order Cephalaspidea
Family Philinidae
Genus Philine
Species Philine quadrata"
"390","Kingdom Animalia
Phylum Mollusca
Class Gastropoda
Subclass Opisthobranchia
Order Cephalaspidea
Family Philinidae
Genus Philine
Species Philine scabra"
"391","Kingdom Animalia
Phylum Mollusca
Class Gastropoda
Subclass Opisthobranchia
Order Acochlidioidea
Family Philinoglossidae
Genus Philinoglossa
Species Philinoglossa helgolandica"
"392","Kingdom Animalia
Phylum Mollusca
Class Bivalvia
Subclass Heterodonta
Order Myoida
Family Pholadidae
Genus Pholas
Species Pholas dactylus"
"393","Kingdom Animalia
Phylum Mollusca
Class Gastropoda
Subclass Opisthobranchia
Order Sacoglossa
Family Stiligeridae
Genus Placida
Species Placida dendritica"
"394","Kingdom Animalia
Phylum Mollusca
Class Gastropoda
Subclass Opisthobranchia
Order Notaspidea
Family Pleurobranchidae
Genus Pleurobranchus
Species Pleurobranchus membranaceus"
"395","Kingdom Animalia
Phylum Mollusca
Class Bivalvia
Subclass Pteromorphia
Order Pterioida
Family Anomiidae
Genus Pododesmus
Species Pododesmus patelliformis"
"396","Kingdom Animalia
Phylum Mollusca
Class Bivalvia
Subclass Pteromorphia
Order Pterioida
Family Anomiidae
Genus Pododesmus
Species Pododesmus squama"
"397","Kingdom Animalia
Phylum Mollusca
Class Gastropoda
Subclass Opisthobranchia
Order Nudibranchia
Suborder Doridina
Family Polyceridae
Genus Polycera
Species Polycera dubia"
"398","Kingdom Animalia
Phylum Mollusca
Class Gastropoda
Subclass Opisthobranchia
Order Nudibranchia
Suborder Doridina
Family Polyceridae
Genus Polycera
Species Polycera faeroensis"
"399","Kingdom Animalia
Phylum Mollusca
Class Gastropoda
Subclass Opisthobranchia
Order Nudibranchia
Suborder Doridina
Family Polyceridae
Genus Polycera
Species Polycera notha"
"400","Kingdom Animalia
Phylum Mollusca
Class Gastropoda
Subclass Opisthobranchia
Order Nudibranchia
Suborder Doridina
Family Polyceridae
Genus Polycera
Species Polycera quadrilineata"
"401","Kingdom Animalia
Phylum Mollusca
Class Gastropoda
Subclass Prosobranchia
Superorder Caenogastropoda
Order Neotaenioglossa
Family Hydrobiidae
Genus Potamopyrgus
Species Potamopyrgus antipodarum"
"402","Kingdom Animalia
Phylum Mollusca
Class Gastropoda
Subclass Prosobranchia
Superorder Archaeogastropoda
Order Docoglossa
Family Lepetidae
Genus Propilidium
Species Propilidium exiguum"
"403","Kingdom Animalia
Phylum Mollusca
Class Bivalvia
Subclass Pteromorphia
Order Pterioida
Family Pectinidae
Genus Pseudamussium
Species Pseudamussium septemradiatum"
"404","Kingdom Animalia
Phylum Mollusca
Class Bivalvia
Subclass Heterodonta
Order Myoida
Family Teredinidae
Genus Psiloteredo
Species Psiloteredo megotara"
"405","Kingdom Animalia
Phylum Mollusca
Class Gastropoda
Subclass Prosobranchia
Superorder Archaeogastropoda
Order Vetigastropoda
Family Fissurellidae
Genus Puncturella
Species Puncturella noachina"
"406","Kingdom Animalia
Phylum Mollusca
Class Gastropoda
Subclass Prosobranchia
Superorder Caenogastropoda
Order Neotaenioglossa
Family Rissoidae
Genus Pusillina
Species Pusillina inconspicua"
"407","Kingdom Animalia
Phylum Mollusca
Class Gastropoda
Subclass Prosobranchia
Superorder Caenogastropoda
Order Neotaenioglossa
Family Rissoidae
Genus Pusillina
Species Pusillina sarsii"
"408","Kingdom Animalia
Phylum Mollusca
Class Gastropoda
Subclass Prosobranchia
Superorder Caenogastropoda
Order Neogastropoda
Family Turridae
Genus Raphitoma
Species Raphitoma leufroyi"
"409","Kingdom Animalia
Phylum Mollusca
Class Gastropoda
Subclass Prosobranchia
Superorder Caenogastropoda
Order Neogastropoda
Family Turridae
Genus Raphitoma
Species Raphitoma linearis"
"410","Kingdom Animalia
Phylum Mollusca
Class Gastropoda
Subclass Prosobranchia
Superorder Caenogastropoda
Order Neogastropoda
Family Turridae
Genus Raphitoma
Species Raphitoma purpurea"
"411","Kingdom Animalia
Phylum Mollusca
Class Gastropoda
Subclass Opisthobranchia
Order Cephalaspidea
Family Retusidae
Genus Retusa
Species Retusa obtusa"
"412","Kingdom Animalia
Phylum Mollusca
Class Gastropoda
Subclass Opisthobranchia
Order Cephalaspidea
Family Retusidae
Genus Retusa
Species Retusa truncatula"
"413","Kingdom Animalia
Phylum Mollusca
Class Gastropoda
Subclass Opisthobranchia
Order Cephalaspidea
Family Retusidae
Genus Retusa
Species Retusa umbilicata"
"414","Kingdom Animalia
Phylum Mollusca
Class Solenogastres
Order Cavibelonia
Family Rhopalomeniidae
Genus Rhopalomenia
Species Rhopalomenia aglaopheniae"
"415","Kingdom Animalia
Phylum Mollusca
Class Gastropoda
Subclass Prosobranchia
Superorder Caenogastropoda
Order Neotaenioglossa
Family Rissoidae
Genus Rissoa
Species Rissoa lilacina"
"416","Kingdom Animalia
Phylum Mollusca
Class Gastropoda
Subclass Prosobranchia
Superorder Caenogastropoda
Order Neotaenioglossa
Family Rissoidae
Genus Rissoa
Species Rissoa membranacea"
"417","Kingdom Animalia
Phylum Mollusca
Class Gastropoda
Subclass Prosobranchia
Superorder Caenogastropoda
Order Neotaenioglossa
Family Rissoidae
Genus Rissoa
Species Rissoa parva"
"418","Kingdom Animalia
Phylum Mollusca
Class Gastropoda
Subclass Prosobranchia
Superorder Caenogastropoda
Order Neotaenioglossa
Family Rissoidae
Genus Rissoa
Species Rissoa porifera"
"419","Kingdom Animalia
Phylum Mollusca
Class Gastropoda
Subclass Heterobranchia
Order Heterostropha
Family Rissoellidae
Genus Rissoella
Species Rissoella diaphana"
"420","Kingdom Animalia
Phylum Mollusca
Class Gastropoda
Subclass Heterobranchia
Order Heterostropha
Family Rissoellidae
Genus Rissoella
Species Rissoella globularis"
"421","Kingdom Animalia
Phylum Mollusca
Class Gastropoda
Subclass Heterobranchia
Order Heterostropha
Family Rissoellidae
Genus Rissoella
Species Rissoella opalina"
"422","Kingdom Animalia
Phylum Mollusca
Class Cephalopoda
Subclass Coleoidea
Order Sepioidea
Family Sepiolidae
Genus Rossia
Species Rossia macrosoma"
"423","Kingdom Animalia
Phylum Mollusca
Class Cephalopoda
Subclass Coleoidea
Order Sepioidea
Family Sepiolidae
Genus Rossia
Species Rossia palpebrosa"
"424","Kingdom Animalia
Phylum Mollusca
Class Gastropoda
Subclass Opisthobranchia
Order Nudibranchia
Suborder Doridina
Family Rostangidae
Genus Rostanga
Species Rostanga rubra"
"425","Kingdom Animalia
Phylum Mollusca
Class Gastropoda
Subclass Opisthobranchia
Order Cephalaspidea
Family Cylichnidae
Genus Roxania
Species Roxania utricula"
"426","Kingdom Animalia
Phylum Mollusca
Class Gastropoda
Subclass Opisthobranchia
Order Cephalaspidea
Family Runcinidae
Genus Runcina
Species Runcina coronata"
"427","Kingdom Animalia
Phylum Mollusca
Class Bivalvia
Subclass Heterodonta
Order Myoida
Family Hiatellidae
Genus Saxicavella
Species Saxicavella jeffreysi"
"428","Kingdom Animalia
Phylum Mollusca
Class Gastropoda
Subclass Opisthobranchia
Order Cephalaspidea
Family Cylichnidae
Genus Scaphander
Species Scaphander lignarius"
"429","Kingdom Animalia
Phylum Mollusca
Class Bivalvia
Subclass Heterodonta
Order Veneroida
Family Scrobiculariidae
Genus Scrobicularia
Species Scrobicularia plana"
"430","Kingdom Animalia
Phylum Mollusca
Class Caudofoveata
Order Chaetodermatida
Family Limifossoridae
Genus Scutopus
Species Scutopus ventrolineatus"
"431","Kingdom Animalia
Phylum Mollusca
Class Gastropoda
Subclass Prosobranchia
Superorder Caenogastropoda
Order Neotaenioglossa
Family Hydrobiidae
Genus Semisalsa
Species Semisalsa stagnorum"
"432","Kingdom Animalia
Phylum Mollusca
Class Cephalopoda
Subclass Coleoidea
Order Sepioidea
Family Sepiidae
Genus Sepia
Species Sepia elegans"
"433","Kingdom Animalia
Phylum Mollusca
Class Cephalopoda
Subclass Coleoidea
Order Sepioidea
Family Sepiidae
Genus Sepia
Species Sepia officinalis"
"434","Kingdom Animalia
Phylum Mollusca
Class Cephalopoda
Subclass Coleoidea
Order Sepioidea
Family Sepiidae
Genus Sepiella
Species Sepiella japonica"
"435","Kingdom Animalia
Phylum Mollusca
Class Cephalopoda
Subclass Coleoidea
Order Sepioidea
Family Sepiolidae
Genus Sepietta
Species Sepietta neglecta"
"436","Kingdom Animalia
Phylum Mollusca
Class Cephalopoda
Subclass Coleoidea
Order Sepioidea
Family Sepiolidae
Genus Sepietta
Species Sepietta oweniana"
"437","Kingdom Animalia
Phylum Mollusca
Class Cephalopoda
Subclass Coleoidea
Order Sepioidea
Family Sepiolidae
Genus Sepiola
Species Sepiola atlantica"
"438","Kingdom Animalia
Phylum Mollusca
Class Cephalopoda
Subclass Coleoidea
Order Sepioidea
Family Sepiolidae
Genus Sepiola
Species Sepiola aurantiaca"
"439","Kingdom Animalia
Phylum Mollusca
Class Gastropoda
Subclass Prosobranchia
Superorder Caenogastropoda
Order Neotaenioglossa
Family Ovulidae
Genus Simnia
Species Simnia patula"
"440","Kingdom Animalia
Phylum Mollusca
Class Gastropoda
Subclass Prosobranchia
Superorder Archaeogastropoda
Order Vetigastropoda
Superfamily Scissurelloidea
Family Skeneidae
Genus Skenea
Species Skenea serpuloides"
"441","Kingdom Animalia
Phylum Mollusca
Class Gastropoda
Subclass Prosobranchia
Superorder Caenogastropoda
Order Neotaenioglossa
Family Skeneopsidae
Genus Skeneopsis
Species Skeneopsis planorbis"
"442","Kingdom Animalia
Phylum Mollusca
Class Bivalvia
Subclass Heterodonta
Order Veneroida
Family Solecurtidae
Genus Solecurtus
Species Solecurtus chamasolen"
"443","Kingdom Animalia
Phylum Mollusca
Class Bivalvia
Subclass Heterodonta
Order Veneroida
Family Solecurtidae
Genus Solecurtus
Species Solecurtus scopula"
"444","Kingdom Animalia
Phylum Mollusca
Class Bivalvia
Subclass Heterodonta
Order Veneroida
Family Solenidae
Genus Solen
Species Solen marginatus"
"445","Kingdom Animalia
Phylum Mollusca
Class Bivalvia
Subclass Heterodonta
Order Myoida
Family Myidae
Genus Sphenia
Species Sphenia binghami"
"446","Kingdom Animalia
Phylum Mollusca
Class Bivalvia
Subclass Heterodonta
Order Veneroida
Family Mactridae
Genus Spisula
Species Spisula elliptica"
"447","Kingdom Animalia
Phylum Mollusca
Class Bivalvia
Subclass Heterodonta
Order Veneroida
Family Mactridae
Genus Spisula
Species Spisula solida"
"448","Kingdom Animalia
Phylum Mollusca
Class Bivalvia
Subclass Heterodonta
Order Veneroida
Family Mactridae
Genus Spisula
Species Spisula subtruncata"
"449","Kingdom Animalia
Phylum Mollusca
Class Bivalvia
Subclass Pteromorphia
Order Arcoida
Family Noetidae
Genus Striarca
Species Striarca lactea"
"450","Kingdom Animalia
Phylum Mollusca
Class Bivalvia
Subclass Heterodonta
Order Veneroida
Family Veneridae
Genus Tapes
Species Tapes decussata"
"451","Kingdom Animalia
Phylum Mollusca
Class Bivalvia
Subclass Heterodonta
Order Veneroida
Family Veneridae
Genus Tapes
Species Tapes philippinarum"
"452","Kingdom Animalia
Phylum Mollusca
Class Gastropoda
Subclass Prosobranchia
Superorder Archaeogastropoda
Order Docoglossa
Family Lottiidae
Genus Tectura
Species Tectura testudinalis"
"453","Kingdom Animalia
Phylum Mollusca
Class Bivalvia
Subclass Heterodonta
Order Veneroida
Family Montacutidae
Genus Tellimya
Species Tellimya ferruginosa"
"454","Kingdom Animalia
Phylum Mollusca
Class Bivalvia
Subclass Heterodonta
Order Veneroida
Family Tellinidae
Genus Tellina
Species Tellina donacina"
"455","Kingdom Animalia
Phylum Mollusca
Class Bivalvia
Subclass Heterodonta
Order Veneroida
Family Tellinidae
Genus Tellina
Species Tellina fabula"
"456","Kingdom Animalia
Phylum Mollusca
Class Bivalvia
Subclass Heterodonta
Order Veneroida
Family Tellinidae
Genus Tellina
Species Tellina pygmaea"
"457","Kingdom Animalia
Phylum Mollusca
Class Bivalvia
Subclass Heterodonta
Order Veneroida
Family Tellinidae
Genus Tellina
Species Tellina tenuis"
"458","Kingdom Animalia
Phylum Mollusca
Class Gastropoda
Subclass Opisthobranchia
Order Nudibranchia
Suborder Aeolidiina
Family Tergipedidae
Genus Tenellia
Species Tenellia adspersa"
"459","Kingdom Animalia
Phylum Mollusca
Class Bivalvia
Subclass Heterodonta
Order Myoida
Family Teredinidae
Genus Teredo
Species Teredo navalis"
"460","Kingdom Animalia
Phylum Mollusca
Class Bivalvia
Subclass Heterodonta
Order Myoida
Family Teredinidae
Genus Teredora
Species Teredora malleolus"
"461","Kingdom Animalia
Phylum Mollusca
Class Gastropoda
Subclass Prosobranchia
Superorder Caenogastropoda
Order Neogastropoda
Family Turridae
Genus Teretia
Species Teretia teres"
"462","Kingdom Animalia
Phylum Mollusca
Class Gastropoda
Subclass Opisthobranchia
Order Nudibranchia
Suborder Aeolidiina
Family Tergipedidae
Genus Tergipes
Species Tergipes tergipes"
"463","Kingdom Animalia
Phylum Mollusca
Class Cephalopoda
Subclass Coleoidea
Order Teuthoidea
Suborder Oegopsida
Family Cranchiidae
Genus Teuthowenia
Species Teuthowenia megalops"
"464","Kingdom Animalia
Phylum Mollusca
Class Gastropoda
Subclass Opisthobranchia
Order Nudibranchia
Suborder Doridina
Family Polyceridae
Genus Thecacera
Species Thecacera pennigera"
"465","Kingdom Animalia
Phylum Mollusca
Class Gastropoda
Subclass Prosobranchia
Superorder Archaeogastropoda
Order Vetigastropoda
Superfamily Scissurelloidea
Family Neritidae
Genus Theodoxus
Species Theodoxus fluviatilis"
"466","Kingdom Animalia
Phylum Mollusca
Class Bivalvia
Subclass Anomalodesmata
Order Pholadomyoida
Family Thraciidae
Genus Thracia
Species Thracia convexa"
"467","Kingdom Animalia
Phylum Mollusca
Class Bivalvia
Subclass Anomalodesmata
Order Pholadomyoida
Family Thraciidae
Genus Thracia
Species Thracia distorta"
"468","Kingdom Animalia
Phylum Mollusca
Class Bivalvia
Subclass Anomalodesmata
Order Pholadomyoida
Family Thraciidae
Genus Thracia
Species Thracia papyracea"
"469","Kingdom Animalia
Phylum Mollusca
Class Bivalvia
Subclass Anomalodesmata
Order Pholadomyoida
Family Thraciidae
Genus Thracia
Species Thracia villosiuscula"
"470","Kingdom Animalia
Phylum Mollusca
Class Bivalvia
Subclass Heterodonta
Order Veneroida
Family Thyasiridae
Genus Thyasira
Species Thyasira croulinensis"
"471","Kingdom Animalia
Phylum Mollusca
Class Bivalvia
Subclass Heterodonta
Order Veneroida
Family Thyasiridae
Genus Thyasira
Species Thyasira equalis"
"472","Kingdom Animalia
Phylum Mollusca
Class Bivalvia
Subclass Heterodonta
Order Veneroida
Family Thyasiridae
Genus Thyasira
Species Thyasira ferruginea"
"473","Kingdom Animalia
Phylum Mollusca
Class Bivalvia
Subclass Heterodonta
Order Veneroida
Family Thyasiridae
Genus Thyasira
Species Thyasira flexuosa"
"474","Kingdom Animalia
Phylum Mollusca
Class Bivalvia
Subclass Heterodonta
Order Veneroida
Family Thyasiridae
Genus Thyasira
Species Thyasira gouldi"
"475","Kingdom Animalia
Phylum Mollusca
Class Bivalvia
Subclass Heterodonta
Order Veneroida
Family Thyasiridae
Genus Thyasira
Species Thyasira sarsi"
"476","Kingdom Animalia
Phylum Mollusca
Class Bivalvia
Subclass Heterodonta
Order Veneroida
Family Veneridae
Genus Timoclea
Species Timoclea ovata"
"477","Kingdom Animalia
Phylum Mollusca
Class Cephalopoda
Subclass Coleoidea
Order Teuthoidea
Suborder Oegopsida
Family Ommastrephidae
Genus Todarodes
Species Todarodes sagittatus"
"478","Kingdom Animalia
Phylum Mollusca
Class Cephalopoda
Subclass Coleoidea
Order Teuthoidea
Suborder Oegopsida
Family Ommastrephidae
Genus Todaropsis
Species Todaropsis eblanae"
"479","Kingdom Animalia
Phylum Mollusca
Class Polyplacophora
Order Lepidopleurida
Family Ischnochitonidae
Genus Tonicella
Species Tonicella marmoreus"
"480","Kingdom Animalia
Phylum Mollusca
Class Polyplacophora
Order Lepidopleurida
Family Ischnochitonidae
Genus Tonicella
Species Tonicella rubra"
"481","Kingdom Animalia
Phylum Mollusca
Class Gastropoda
Subclass Prosobranchia
Superorder Caenogastropoda
Order Neotaenioglossa
Family Tornidae
Genus Tornus
Species Tornus subcarinatus"
"482","Kingdom Animalia
Phylum Mollusca
Class Gastropoda
Subclass Prosobranchia
Superorder Caenogastropoda
Order Neotaenioglossa
Family Capulidae
Genus Trichotropis
Species Trichotropis borealis"
"483","Kingdom Animalia
Phylum Mollusca
Class Gastropoda
Subclass Prosobranchia
Superorder Archaeogastropoda
Order Vetigastropoda
Superfamily Scissurelloidea
Family Tricoliidae
Genus Tricolia
Species Tricolia picta"
"484","Kingdom Animalia
Phylum Mollusca
Class Gastropoda
Subclass Opisthobranchia
Order Nudibranchia
Suborder Dendronotina
Family Tritoniidae
Genus Tritonia
Species Tritonia hombergi"
"485","Kingdom Animalia
Phylum Mollusca
Class Gastropoda
Subclass Opisthobranchia
Order Nudibranchia
Suborder Dendronotina
Family Tritoniidae
Genus Tritonia
Species Tritonia lineata"
"486","Kingdom Animalia
Phylum Mollusca
Class Gastropoda
Subclass Opisthobranchia
Order Nudibranchia
Suborder Dendronotina
Family Tritoniidae
Genus Tritonia
Species Tritonia plebeia"
"487","Kingdom Animalia
Phylum Mollusca
Class Gastropoda
Subclass Prosobranchia
Superorder Caenogastropoda
Order Neotaenioglossa
Family Triviidae
Genus Trivia
Species Trivia arctica"
"488","Kingdom Animalia
Phylum Mollusca
Class Gastropoda
Subclass Prosobranchia
Superorder Caenogastropoda
Order Neotaenioglossa
Family Triviidae
Genus Trivia
Species Trivia monacha"
"489","Kingdom Animalia
Phylum Mollusca
Class Gastropoda
Subclass Prosobranchia
Superorder Caenogastropoda
Order Neogastropoda
Family Muricidae
Genus Trophon
Species Trophon barvicensis"
"490","Kingdom Animalia
Phylum Mollusca
Class Gastropoda
Subclass Prosobranchia
Superorder Caenogastropoda
Order Neogastropoda
Family Muricidae
Genus Trophon
Species Trophon clathratus"
"491","Kingdom Animalia
Phylum Mollusca
Class Gastropoda
Subclass Prosobranchia
Superorder Caenogastropoda
Order Neogastropoda
Family Muricidae
Genus Trophon
Species Trophon muricatus"
"492","Kingdom Animalia
Phylum Mollusca
Class Gastropoda
Subclass Prosobranchia
Superorder Caenogastropoda
Order Neogastropoda
Family Muricidae
Genus Trophon
Species Trophon truncatus"
"493","Kingdom Animalia
Phylum Mollusca
Class Gastropoda
Subclass Prosobranchia
Superorder Caenogastropoda
Order Neogastropoda
Family Buccinidae
Genus Troschelia
Species Troschelia berniciensis"
"494","Kingdom Animalia
Phylum Mollusca
Class Gastropoda
Subclass Heterobranchia
Order Heterostropha
Family Pyramidellidae
Genus Turbonilla
Species Turbonilla crenata"
"495","Kingdom Animalia
Phylum Mollusca
Class Gastropoda
Subclass Heterobranchia
Order Heterostropha
Family Pyramidellidae
Genus Turbonilla
Species Turbonilla jeffreysii"
"496","Kingdom Animalia
Phylum Mollusca
Class Gastropoda
Subclass Heterobranchia
Order Heterostropha
Family Pyramidellidae
Genus Turbonilla
Species Turbonilla lactea"
"497","Kingdom Animalia
Phylum Mollusca
Class Gastropoda
Subclass Heterobranchia
Order Heterostropha
Family Pyramidellidae
Genus Turbonilla
Species Turbonilla rufescens"
"498","Kingdom Animalia
Phylum Mollusca
Class Gastropoda
Subclass Prosobranchia
Superorder Caenogastropoda
Order Neotaenioglossa
Family Turritellidae
Genus Turritella
Species Turritella communis"
"499","Kingdom Animalia
Phylum Mollusca
Class Bivalvia
Subclass Heterodonta
Order Veneroida
Family Turtoniidae
Genus Turtonia
Species Turtonia minuta"
"500","Kingdom Animalia
Phylum Mollusca
Class Gastropoda
Subclass Prosobranchia
Superorder Caenogastropoda
Order Neogastropoda
Family Turridae
Genus Typhlomangelia
Species Typhlomangelia nivalis"
"501","Kingdom Animalia
Phylum Mollusca
Class Gastropoda
Subclass Prosobranchia
Superorder Caenogastropoda
Order Neogastropoda
Family Muricidae
Genus Urosalpinx
Species Urosalpinx cinerea"
"502","Kingdom Animalia
Phylum Mollusca
Class Gastropoda
Subclass Prosobranchia
Superorder Caenogastropoda
Order Neotaenioglossa
Family Velutinidae
Genus Velutina
Species Velutina plicatilis"
"503","Kingdom Animalia
Phylum Mollusca
Class Gastropoda
Subclass Prosobranchia
Superorder Caenogastropoda
Order Neotaenioglossa
Family Velutinidae
Genus Velutina
Species Velutina velutina"
"504","Kingdom Animalia
Phylum Mollusca
Class Bivalvia
Subclass Heterodonta
Order Veneroida
Family Veneridae
Genus Venerupis
Species Venerupis saxatilis"
"505","Kingdom Animalia
Phylum Mollusca
Class Bivalvia
Subclass Heterodonta
Order Veneroida
Family Veneridae
Genus Venerupis
Species Venerupis senegalensis"
"506","Kingdom Animalia
Phylum Mollusca
Class Gastropoda
Subclass Prosobranchia
Superorder Caenogastropoda
Order Neotaenioglossa
Family Hydrobiidae
Genus Ventrosia
Species Ventrosia ventrosa"
"507","Kingdom Animalia
Phylum Mollusca
Class Bivalvia
Subclass Heterodonta
Order Veneroida
Family Veneridae
Genus Venus
Species Venus casina"
"508","Kingdom Animalia
Phylum Mollusca
Class Bivalvia
Subclass Heterodonta
Order Veneroida
Family Veneridae
Genus Venus
Species Venus verrucosa"
"509","Kingdom Animalia
Phylum Mollusca
Class Gastropoda
Subclass Prosobranchia
Superorder Caenogastropoda
Order Neotaenioglossa
Suborder Ptenoglossa
Family Eulimidae
Genus Vitreolina
Species Vitreolina philippi"
"510","Kingdom Animalia
Phylum Mollusca
Class Gastropoda
Subclass Prosobranchia
Superorder Caenogastropoda
Order Neogastropoda
Family Buccinidae
Genus Volutopsius
Species Volutopsius norwegicus"
